test_month,province_key,target,rows,actual_mean,predicted_mean,mean_bias,actual_std,predicted_std,actual_min,predicted_min,actual_max,predicted_max,within_tolerance_pct,tolerance
2025-03,ba_ria_vung_tau,target_currentspeed,5952,37.272865295410156,37.30457567457299,0.03170939632710057,9.958381652832031,9.615473280202606,6.800000190734863,8.431444324440665,57.29999923706055,52.65796716326556,98.06787634408603,5.0
2025-03,dong_nai,target_currentspeed,8184,41.09461975097656,41.084754474058364,-0.009869176040808796,9.106912612915039,8.783980000140227,6.0,6.896989398890098,58.20000076293945,52.814477644174936,97.32404692082112,5.0
2025-03,ho_chi_minh,target_currentspeed,16368,27.274900436401367,27.311035513339935,0.03613325888037439,9.90925407409668,9.725475262843187,6.0,6.13579625687901,56.20000076293945,52.14166028618903,98.31378299120234,5.0
2025-03,long_an,target_currentspeed,11160,42.457088470458984,42.42325780168963,-0.03383002170645777,7.953285217285156,7.748399100660333,11.199999809265137,14.245258935688764,58.20000076293945,53.90278866296226,97.64336917562724,5.0
2025-03,tay_ninh,target_currentspeed,6696,40.09947967529297,40.108956481194035,0.00947917442016731,9.17187786102295,8.961761355803734,11.699999809265137,11.923563594489636,59.70000076293945,53.96938787846413,98.49163679808841,5.0
2025-03,ba_ria_vung_tau,target_traffic_density,5952,0.20162969827651978,0.20086436159646834,-0.0007653426613580327,0.14883270859718323,0.1419848327526675,0.0,0.012193108534647291,0.800000011920929,0.7678089628007959,87.21438172043011,0.05
2025-03,dong_nai,target_traffic_density,8184,0.19163855910301208,0.19183740720876677,0.00019884428919841402,0.14130567014217377,0.13422318894430757,0.0,0.039787669796915386,0.8500000238418579,0.8272769328273789,88.36754643206255,0.05
2025-03,ho_chi_minh,target_traffic_density,16368,0.27974095940589905,0.2798918528712048,0.00015089503787987544,0.17210212349891663,0.16690960893464962,0.0,0.023344780753892264,0.8600000143051147,0.841377452094044,82.25806451612904,0.05
2025-03,long_an,target_traffic_density,11160,0.15491844713687897,0.15541139845671958,0.0004929396527721558,0.1177130937576294,0.11323011968619234,0.0,0.024368786200309578,0.7900000214576721,0.7167541932403265,89.23835125448029,0.05
2025-03,tay_ninh,target_traffic_density,6696,0.19260303676128387,0.19132276323179737,-0.0012802832352140933,0.12637566030025482,0.12185381712739017,0.0,0.0386066904700627,0.7200000286102295,0.6492563260244553,89.99402628434886,0.05
2025-03,ba_ria_vung_tau,target_us_aqi,5952,57.44556427001953,50.42124252414627,-7.024321991982762,16.726543426513672,10.917290443159539,28.0,32.406168970123545,152.0,103.59684077038531,88.92809139784946,20.0
2025-03,dong_nai,target_us_aqi,8184,65.1473617553711,58.09350198979655,-7.0538587140157665,22.257091522216797,15.91244277781922,28.0,32.10377180841438,196.0,142.4533468794109,82.33137829912025,20.0
2025-03,ho_chi_minh,target_us_aqi,16368,81.77388763427734,74.61575448561166,-7.158133588679632,29.321603775024414,20.937438968685843,43.0,35.99593526735095,211.0,167.81300088300725,73.22214076246334,20.0
2025-03,long_an,target_us_aqi,11160,102.46774291992188,88.52481452206725,-13.942927413416612,34.978458404541016,23.668588184709538,44.0,40.13986752053605,211.0,168.03290631984146,58.86200716845879,20.0
2025-03,tay_ninh,target_us_aqi,6696,94.84542846679688,85.67837407322308,-9.16705603430379,25.104320526123047,18.418617628911793,41.0,39.95259965922271,182.0,159.44094973177724,63.97849462365591,20.0
2025-04,ba_ria_vung_tau,target_currentspeed,5760,37.088157653808594,37.14670566135814,0.05854594572553985,10.016807556152344,9.693027175686426,6.0,8.498972840287104,57.29999923706055,52.413935575489674,96.57986111111111,5.0
2025-04,dong_nai,target_currentspeed,7920,40.933837890625,40.919011587994746,-0.014826785548288979,9.224053382873535,8.917694261986338,6.0,6.470716978769565,57.29999923706055,52.89805286938939,95.53030303030303,5.0
2025-04,ho_chi_minh,target_currentspeed,15840,27.220195770263672,27.202080639201068,-0.018115070012994477,9.994231224060059,9.7603560434752,6.0,7.129687226996954,56.400001525878906,52.01226449628154,96.84974747474747,5.0
2025-04,long_an,target_currentspeed,10800,42.29815673828125,42.31149365759963,0.013336263578985291,7.998104095458984,7.792478413378033,12.5,15.260476072522042,57.599998474121094,53.902841883347435,96.41666666666666,5.0
2025-04,tay_ninh,target_currentspeed,6480,39.88185119628906,39.8923361789716,0.010484346605311728,9.247568130493164,9.014349071620199,11.399999618530273,13.256893267700113,59.70000076293945,53.89771952459176,96.62037037037037,5.0
2025-04,ba_ria_vung_tau,target_traffic_density,5760,0.20503124594688416,0.20305418052549365,-0.001977069287349324,0.15153908729553223,0.14474226992363112,0.0,0.016275034844299836,0.8299999833106995,0.7681711862238964,83.4375,0.05
2025-04,dong_nai,target_traffic_density,7920,0.19454419612884521,0.19498533471973684,0.00044114289284933066,0.1442420780658722,0.13827503809900973,0.0,0.04201742717240774,0.8500000238418579,0.8172073700250521,85.89646464646464,0.05
2025-04,ho_chi_minh,target_traffic_density,15840,0.2810429036617279,0.28148404920672376,0.00044112003816362035,0.17651472985744476,0.17032823306288758,0.0,0.02074450043925406,0.8600000143051147,0.8342594140014157,79.80429292929293,0.05
2025-04,long_an,target_traffic_density,10800,0.15733517706394196,0.15736934863975957,3.416351470334239e-05,0.11908133327960968,0.11557687021805461,0.0,0.025636123142057713,0.7599999904632568,0.693250070646594,86.93518518518518,0.05
2025-04,tay_ninh,target_traffic_density,6480,0.1962098628282547,0.19532177443142096,-0.0008881019570628804,0.12916022539138794,0.12528202027689114,0.0,0.03742084230095847,0.7699999809265137,0.6801476677125002,85.77160493827161,0.05
2025-04,ba_ria_vung_tau,target_us_aqi,5760,52.578819274902344,58.968100114286386,6.3892806698419475,12.008085250854492,11.310107506638635,30.0,39.07529645242187,113.0,113.85553768241664,87.60416666666667,20.0
2025-04,dong_nai,target_us_aqi,7920,63.602779388427734,69.72137145990538,6.118593682127613,12.963421821594238,13.418277020023229,37.0,44.525757607054516,128.0,131.40401825507917,89.78535353535354,20.0
2025-04,ho_chi_minh,target_us_aqi,15840,81.84690856933594,87.33194227807641,5.485035712419846,22.668153762817383,18.609900593845673,37.0,48.714509170639474,186.0,166.43305757925424,82.68939393939394,20.0
2025-04,long_an,target_us_aqi,10800,117.58287048339844,110.42762682998891,-7.155243540381456,32.6517333984375,23.64135486717425,59.0,49.96589423517268,186.0,170.97628010032247,65.82407407407408,20.0
2025-04,tay_ninh,target_us_aqi,6480,109.58935546875,104.57070592710951,-5.01864592474233,21.599239349365234,14.563193198572264,40.0,57.10525395734155,160.0,150.11930337538288,70.8179012345679,20.0
2025-05,ba_ria_vung_tau,target_currentspeed,5952,35.87931823730469,37.7294888613989,1.8501709750726343,10.420373916625977,8.546175865611628,6.0,12.344713669203168,57.29999923706055,52.62893061566764,81.3508064516129,5.0
2025-05,dong_nai,target_currentspeed,8184,39.331329345703125,41.350210436854994,2.018881023623252,9.934757232666016,7.631250475784993,6.0,11.039597275750342,57.400001525878906,53.27726590302112,78.81231671554252,5.0
2025-05,ho_chi_minh,target_currentspeed,16368,25.875261306762695,29.45487724411483,3.579614533147107,10.280875205993652,8.45479607160694,6.0,11.654933816001108,55.599998474121094,52.575652990624306,69.27541544477029,5.0
2025-05,long_an,target_currentspeed,11160,40.4764518737793,42.29704671635665,1.8205951056496075,8.707862854003906,6.784186950925096,6.900000095367432,17.75037015632955,57.79999923706055,53.94035087758509,79.18458781362007,5.0
2025-05,tay_ninh,target_currentspeed,6696,38.547943115234375,40.45450675217327,1.9065676921911079,9.866253852844238,7.724234554466646,6.099999904632568,16.397831005642246,59.099998474121094,53.95902568689439,81.10812425328554,5.0
2025-05,ba_ria_vung_tau,target_traffic_density,5952,0.22723285853862762,0.1886676156505408,-0.038565247198896126,0.1646704375743866,0.11154957039728937,0.0,0.028415348054779296,0.8500000238418579,0.6202104681639865,60.450268817204304,0.05
2025-05,dong_nai,target_traffic_density,8184,0.2217448651790619,0.1743053769211794,-0.04743949111853583,0.16089850664138794,0.10734876776419791,0.0,0.03134372563522818,0.8600000143051147,0.7292234206037989,60.031769305962854,0.05
2025-05,ho_chi_minh,target_traffic_density,16368,0.31188109517097473,0.21453609553371347,-0.0973450136949519,0.19005221128463745,0.12480882572488737,0.0,0.028259402000571813,0.8600000143051147,0.7072393296757863,35.46554252199414,0.05
2025-05,long_an,target_traffic_density,11160,0.18688170611858368,0.14883904148405921,-0.03804267893650141,0.13599951565265656,0.09474416778397114,0.0,0.02257061931755463,0.8399999737739563,0.5897643403753897,61.98924731182795,0.05
2025-05,tay_ninh,target_traffic_density,6696,0.21926672756671906,0.17118264036588002,-0.04808408589509587,0.14601430296897888,0.09923990317008023,0.0,0.02831157731155849,0.8299999833106995,0.5466168523706597,61.006571087216244,0.05
2025-05,ba_ria_vung_tau,target_us_aqi,5952,44.88911437988281,51.18376141976255,6.294648516536745,15.949552536010742,10.199090721784934,23.0,35.351410385191514,131.0,103.5197200918537,90.54099462365592,20.0
2025-05,dong_nai,target_us_aqi,8184,70.65383911132812,69.84143069665453,-0.8124060579886779,25.3049259185791,19.3348777072281,26.0,41.42285318703825,157.0,137.59474132686188,81.76930596285436,20.0
2025-05,ho_chi_minh,target_us_aqi,16368,99.01173400878906,95.71684015872991,-3.294890046548686,31.51866340637207,23.245280221566716,39.0,43.84622393726637,176.0,168.82592950176416,70.863880742913,20.0
2025-05,long_an,target_us_aqi,11160,132.63217163085938,122.84213708165389,-9.79003137712746,29.520549774169922,23.379108409649714,53.0,52.26887683998727,188.0,168.8864215247544,62.17741935483871,20.0
2025-05,tay_ninh,target_us_aqi,6696,107.47147369384766,107.34041616928896,-0.13105933847686962,24.374732971191406,16.21626024206684,62.0,65.62967111397077,204.0,147.03336911456125,71.83393070489845,20.0
2025-06,ba_ria_vung_tau,target_currentspeed,5760,34.938072204589844,35.33086530316874,0.39279238936641175,10.749272346496582,9.88701767155576,6.0,6.793024312601138,58.5,52.03530654975932,84.51388888888889,5.0
2025-06,dong_nai,target_currentspeed,7920,37.827903747558594,38.31987539482438,0.49197135116917673,10.193875312805176,9.276541275718873,6.0,4.3050698570807775,57.599998474121094,52.373514858755186,76.1489898989899,5.0
2025-06,ho_chi_minh,target_currentspeed,15840,24.68695068359375,24.978084474347785,0.2911337083611486,10.447556495666504,9.725081628185086,6.0,4.237321893069835,55.599998474121094,50.952023196889044,83.08080808080808,5.0
2025-06,long_an,target_currentspeed,10800,39.40444564819336,39.70159786270062,0.2971534267774387,9.089329719543457,8.239062470627193,6.5,11.983339611192863,58.099998474121094,53.20199017954394,80.52777777777777,5.0
2025-06,tay_ninh,target_currentspeed,6480,37.20985794067383,37.60585288135246,0.3959917738323409,10.170233726501465,9.342571605899055,6.0,11.36671461489205,58.900001525878906,53.425346399042375,81.57407407407408,5.0
2025-06,ba_ria_vung_tau,target_traffic_density,5760,0.24426215887069702,0.2353159704849108,-0.008946182154009354,0.1752122938632965,0.15654427261506246,0.0,0.024308803296322734,0.8500000238418579,0.8076840564134434,61.44097222222222,0.05
2025-06,dong_nai,target_traffic_density,7920,0.24628406763076782,0.23764447414065967,-0.008639616737424765,0.1676025092601776,0.1519375516226074,0.0,0.04892629153280994,0.8399999737739563,0.8715017655454517,55.820707070707066,0.05
2025-06,ho_chi_minh,target_traffic_density,15840,0.3393017649650574,0.3351545325315362,-0.0041472347818181056,0.1997591257095337,0.18377943358930354,0.0,0.026834440142896657,0.8700000047683716,0.8879224185796366,49.564393939393945,0.05
2025-06,long_an,target_traffic_density,10800,0.20458237826824188,0.1973346535771558,-0.007247753865973005,0.145362988114357,0.1309490237011777,0.0,0.02983870718719214,0.8500000238418579,0.7340714011840906,60.64814814814815,0.05
2025-06,tay_ninh,target_traffic_density,6480,0.24200153350830078,0.23518530451223985,-0.006816238676641722,0.1558292955160141,0.13971080426490226,0.0,0.04332333918533891,0.8399999737739563,0.7029733116293239,59.95370370370371,0.05
2025-06,ba_ria_vung_tau,target_us_aqi,5760,70.8062515258789,66.58525860772399,-4.2209913922760185,20.115739822387695,15.941412193355495,24.0,26.512637907225884,142.0,121.16545679246701,85.48611111111111,20.0
2025-06,dong_nai,target_us_aqi,7920,101.91818237304688,92.4350460700051,-9.483135748176716,26.33283233642578,19.64885297998788,42.0,48.07067183904169,158.0,147.58000246963306,73.05555555555556,20.0
2025-06,ho_chi_minh,target_us_aqi,15840,131.134033203125,118.0694173156028,-13.06461046217498,21.74504852294922,15.126429222309667,72.0,66.08651697044662,175.0,161.6293407924929,59.823232323232325,20.0
2025-06,long_an,target_us_aqi,10800,128.61305236816406,123.37015984618927,-5.2428957093663024,26.497928619384766,16.972248450749177,71.0,74.50924961355544,175.0,162.1375134688801,57.22222222222222,20.0
2025-06,tay_ninh,target_us_aqi,6480,101.34583282470703,95.72279756838323,-5.623035764950108,24.395418167114258,16.875412698925928,53.0,48.87640514445672,177.0,140.8507348202954,76.60493827160494,20.0
2025-07,ba_ria_vung_tau,target_currentspeed,5952,34.65253829956055,34.72262814242354,0.07009118292601561,10.78850269317627,9.973306971898536,6.0,7.013923294685683,58.5,52.07381740284054,83.45094086021506,5.0
2025-07,dong_nai,target_currentspeed,8184,37.43724060058594,37.63405394376018,0.1968105538167002,10.387688636779785,9.404801284249782,6.0,5.542079717174536,57.599998474121094,52.220065497372644,75.53763440860214,5.0
2025-07,ho_chi_minh,target_currentspeed,16368,24.23223304748535,24.587271778298394,0.3550381565575394,10.535343170166016,9.820631644360006,6.0,4.735920094796446,55.599998474121094,51.03937854432042,84.13367546432062,5.0
2025-07,long_an,target_currentspeed,11160,39.143253326416016,39.3235151954759,0.1802625060818518,9.007145881652832,8.313045593795387,6.0,11.434537692673066,58.0,53.25255476668251,80.91397849462365,5.0
2025-07,tay_ninh,target_currentspeed,6696,36.84214401245117,37.02756636374541,0.1854218111493998,10.204021453857422,9.425573087823059,6.0,10.84871470835073,58.29999923706055,53.44341283736518,81.91457586618877,5.0
2025-07,ba_ria_vung_tau,target_traffic_density,5952,0.24873150885105133,0.2475143688883961,-0.0012171499753117314,0.17749257385730743,0.1621329980103313,0.0,0.020038675711805093,0.8500000238418579,0.828744571367301,59.03897849462365,0.05
2025-07,dong_nai,target_traffic_density,8184,0.253000944852829,0.24962762213289824,-0.00337335506063059,0.1731870472431183,0.1545974058527764,0.0,0.051824542822632685,0.8600000143051147,0.8707245565316061,54.09335288367546,0.05
2025-07,ho_chi_minh,target_traffic_density,16368,0.34988757967948914,0.3415266932075842,-0.008360891727322703,0.2057427167892456,0.18663959883858589,0.0,0.027482715036897327,0.8700000047683716,0.8844397933025646,51.25244379276638,0.05
2025-07,long_an,target_traffic_density,11160,0.20867115259170532,0.20527834395388098,-0.00339280293005207,0.1446456015110016,0.13312402064833706,0.0,0.025830599664189047,0.8399999737739563,0.7504175142200269,60.421146953405014,0.05
2025-07,tay_ninh,target_traffic_density,6696,0.2480854094028473,0.2454075227360051,-0.002677901289274243,0.15849880874156952,0.14363122709461487,0.0,0.040476634993931934,0.8399999737739563,0.7291678047765954,58.661887694145754,0.05
2025-07,ba_ria_vung_tau,target_us_aqi,5952,63.614749908447266,66.25933035264646,2.6445790085604357,12.353289604187012,12.268036088479695,26.0,29.34851967381431,108.0,105.93741298631859,98.99193548387096,20.0
2025-07,dong_nai,target_us_aqi,8184,79.21346282958984,85.85152461545246,6.638059317309742,17.036043167114258,17.145238645915292,44.0,48.77983435223431,143.0,135.11171551069546,88.79521016617791,20.0
2025-07,ho_chi_minh,target_us_aqi,16368,95.63092803955078,107.34324727477787,11.712321077319398,18.67119026184082,12.956551859372457,60.0,63.151732184219455,155.0,145.88268759993602,64.25342130987292,20.0
2025-07,long_an,target_us_aqi,11160,81.91290283203125,91.70537659810928,9.79247337230284,21.178401947021484,19.007010469717663,50.0,50.98067502824746,155.0,144.3186206838287,75.68100358422939,20.0
2025-07,tay_ninh,target_us_aqi,6696,66.62947845458984,72.23526667395375,5.6057863872154,16.364654541015625,17.40452509569225,30.0,36.040535876685524,115.0,121.49929455807164,90.27777777777779,20.0
2025-08,ba_ria_vung_tau,target_currentspeed,5952,34.316715240478516,34.7421910495931,0.4254739584063882,10.793259620666504,9.74096705542021,6.0,7.091278619858418,58.5,51.76826336143006,81.58602150537635,5.0
2025-08,dong_nai,target_currentspeed,8184,37.24845886230469,37.60868656890916,0.36022615927255613,10.282970428466797,9.254040158560304,6.0,4.902750621882007,57.5,51.92373238009665,74.73118279569893,5.0
2025-08,ho_chi_minh,target_currentspeed,16368,24.26744270324707,24.787336828397898,0.5198942586058005,10.440496444702148,9.64097007291857,6.0,5.535874152154704,55.20000076293945,50.70881692849003,84.28641251221897,5.0
2025-08,long_an,target_currentspeed,11160,39.06035614013672,39.35146049723223,0.291102062252602,9.048299789428711,8.229429979205277,6.0,10.921613392647217,58.70000076293945,52.88050097054895,79.12186379928315,5.0
2025-08,tay_ninh,target_currentspeed,6696,36.78034591674805,36.993979035641885,0.21363258871871893,10.090850830078125,9.25997808069628,6.0,10.794695845807185,59.400001525878906,52.9435778157729,80.60035842293907,5.0
2025-08,ba_ria_vung_tau,target_traffic_density,5952,0.2551075220108032,0.24327585031770735,-0.011831676462994637,0.1787520945072174,0.15879360748389415,0.0,0.023624646581734465,0.8299999833106995,0.802803768577326,59.71102150537635,0.05
2025-08,dong_nai,target_traffic_density,8184,0.25553515553474426,0.2466402087960567,-0.008894981545389438,0.1709318608045578,0.15336424049288083,0.0,0.04907857513433083,0.8600000143051147,0.8577714763155011,54.068914956011724,0.05
2025-08,ho_chi_minh,target_traffic_density,16368,0.34866568446159363,0.33535459594981293,-0.013311092724809064,0.20313648879528046,0.18406214937244383,0.0,0.027037734154361115,0.8700000047683716,0.8568132494826048,50.800342130987296,0.05
2025-08,long_an,target_traffic_density,11160,0.20987096428871155,0.2018490014051125,-0.008021966315138889,0.14515064656734467,0.13174968560166994,0.0,0.031190285467909758,0.8600000143051147,0.7631912981792478,57.58960573476703,0.05
2025-08,tay_ninh,target_traffic_density,6696,0.24837516248226166,0.24074804815252906,-0.007627101089541244,0.15527796745300293,0.14118879484881988,0.0,0.04485956094778879,0.8500000238418579,0.7281739714224682,57.18339307048984,0.05
2025-08,ba_ria_vung_tau,target_us_aqi,5952,55.668514251708984,58.67657714960717,3.008062364660944,16.905548095703125,12.755044049677261,24.0,29.507072834520912,130.0,113.29148177680148,91.22983870967742,20.0
2025-08,dong_nai,target_us_aqi,8184,76.49425506591797,76.30357851289583,-0.19067857410318864,21.51927947998047,13.650619846147588,22.0,38.619580825062314,152.0,129.9662001660521,83.49217986314761,20.0
2025-08,ho_chi_minh,target_us_aqi,16368,90.72647857666016,87.7480431817288,-2.9784353128948413,22.720977783203125,12.440872802979111,44.0,45.47112297618475,155.0,135.4893262002177,76.06915933528838,20.0
2025-08,long_an,target_us_aqi,11160,73.01953125,73.83987481157624,0.8203407613970258,23.64655113220215,16.59158199457147,26.0,39.273236170561546,155.0,135.55597150767701,86.17383512544802,20.0
2025-08,tay_ninh,target_us_aqi,6696,60.150386810302734,62.73030631179064,2.5799180202733116,19.034605026245117,14.98511223702325,25.0,32.85134891827274,122.0,113.3880797483374,93.38410991636799,20.0
2025-09,ba_ria_vung_tau,target_currentspeed,5760,34.28342056274414,34.79288174187272,0.5094616049706548,10.681219100952148,9.754999191733267,6.0,6.742342837051977,56.900001525878906,51.95994166806753,80.71180555555556,5.0
2025-09,dong_nai,target_currentspeed,7920,37.418582916259766,37.80999738194051,0.3914115257870033,10.049419403076172,9.174397887834484,6.0,4.894486892582725,57.5,52.1124640151112,76.11111111111111,5.0
2025-09,ho_chi_minh,target_currentspeed,15840,24.314109802246094,24.806890165556904,0.49278032107580166,10.400527954101562,9.643734552606352,6.0,3.906552586839577,54.70000076293945,51.15606986888186,84.19823232323232,5.0
2025-09,long_an,target_currentspeed,10800,38.96438217163086,39.48359500304381,0.5192153863329387,8.97607421875,8.144977159512491,6.0,11.22970379294633,57.79999923706055,52.85927442964185,79.81481481481481,5.0
2025-09,tay_ninh,target_currentspeed,6480,36.848392486572266,37.25717005310091,0.40877500124775373,10.199055671691895,9.29663725717745,6.0,10.28720906440389,59.400001525878906,52.89852905935405,79.61419753086419,5.0
2025-09,ba_ria_vung_tau,target_traffic_density,5760,0.2547968626022339,0.24281477879873065,-0.011982096055245731,0.17657247185707092,0.1588664076344389,0.0,0.023193434161397054,0.8500000238418579,0.8358259677889243,58.35069444444444,0.05
2025-09,dong_nai,target_traffic_density,7920,0.25213003158569336,0.24260124916940815,-0.009528801253930571,0.16630011796951294,0.15087085804495498,0.0,0.04981719315687339,0.8700000047683716,0.8647438107562901,54.24242424242425,0.05
2025-09,ho_chi_minh,target_traffic_density,15840,0.347047358751297,0.3327024411166815,-0.014344907057989506,0.2020108848810196,0.18592570734322755,0.0,0.031890629929295686,0.8600000143051147,0.8733915087648305,50.93434343434343,0.05
2025-09,long_an,target_traffic_density,10800,0.2110842615365982,0.20052819165999772,-0.010556067623144778,0.14400656521320343,0.1308052995266894,0.0,0.028502813439763453,0.8500000238418579,0.76739153545272,58.833333333333336,0.05
2025-09,tay_ninh,target_traffic_density,6480,0.24723611772060394,0.23788185453707303,-0.009354256515663698,0.15780173242092133,0.1410156537143154,0.0,0.041265423235529786,0.8500000238418579,0.7490100779559807,57.76234567901235,0.05
2025-09,ba_ria_vung_tau,target_us_aqi,5760,49.14982604980469,48.05725817086051,-1.0925682180283798,17.012310028076172,12.215842575240622,20.0,25.423108948076386,154.0,87.4592261300187,92.63888888888889,20.0
2025-09,dong_nai,target_us_aqi,7920,67.07032775878906,63.54938251563247,-3.520945767195817,19.993181228637695,13.157095053824811,18.0,31.13262307874943,133.0,119.3174434617525,89.87373737373737,20.0
2025-09,ho_chi_minh,target_us_aqi,15840,84.55170440673828,75.74929404006582,-8.802410505388726,20.273555755615234,12.160108356151538,31.0,34.28080303757664,162.0,124.8913904356063,78.04924242424242,20.0
2025-09,long_an,target_us_aqi,10800,66.72611236572266,61.6051006850929,-5.121010426018218,23.260719299316406,16.49167475427708,26.0,31.131022769815736,148.0,124.50358811433853,85.98148148148148,20.0
2025-09,tay_ninh,target_us_aqi,6480,56.8651237487793,54.129070475430375,-2.736052981359754,19.6019344329834,15.329956201973939,23.0,28.498833008321036,135.0,109.41976449297053,91.9753086419753,20.0
2025-10,ba_ria_vung_tau,target_currentspeed,5952,34.768245697021484,34.763781689124656,-0.004464281485351997,10.649605751037598,9.85739251556306,6.0,6.186694111069341,56.20000076293945,51.53090772725402,83.80376344086021,5.0
2025-10,dong_nai,target_currentspeed,8184,38.00517654418945,37.87684447785641,-0.1283363594406047,10.230731964111328,9.281563564885134,6.0,4.670192214631335,58.099998474121094,52.16288889212025,76.2585532746823,5.0
2025-10,ho_chi_minh,target_currentspeed,16368,24.80417823791504,24.65680424016956,-0.1473746498424328,10.667707443237305,9.912635256492992,6.0,3.984916270207097,56.599998474121094,50.74500299406624,86.93792766373411,5.0
2025-10,long_an,target_currentspeed,11160,39.47621154785156,39.28847766422971,-0.18773201788965302,9.118173599243164,8.212798963915821,6.0,11.61660602771647,59.70000076293945,52.81147925992322,80.15232974910394,5.0
2025-10,tay_ninh,target_currentspeed,6696,37.27731704711914,37.13718807367773,-0.14012673274828802,10.311864852905273,9.348018504417343,6.0,9.818703053262787,58.70000076293945,52.91225459369922,80.16726403823178,5.0
2025-10,ba_ria_vung_tau,target_traffic_density,5952,0.24673554301261902,0.2468995018028898,0.00016395094788379015,0.17506760358810425,0.16021710653818447,0.0,0.026289601407883504,0.8399999737739563,0.8085614398489421,58.13172043010753,0.05
2025-10,dong_nai,target_traffic_density,8184,0.24326856434345245,0.2455689021152223,0.0023003293987429153,0.16863232851028442,0.15188817460962364,0.0,0.05314359599834161,0.8500000238418579,0.8625374975213385,53.51906158357771,0.05
2025-10,ho_chi_minh,target_traffic_density,16368,0.3370533883571625,0.34157780354304823,0.004524407044323898,0.20789925754070282,0.18816140123258396,0.0,0.03375457427202732,0.8600000143051147,0.8840023952572604,50.25048875855328,0.05
2025-10,long_an,target_traffic_density,11160,0.20386826992034912,0.20471265260246663,0.0008443730187278159,0.14593012630939484,0.13074804639588208,0.0,0.03427617192846172,0.8500000238418579,0.7676781870890348,59.24731182795699,0.05
2025-10,tay_ninh,target_traffic_density,6696,0.24127689003944397,0.2412622806360723,-1.4600929393323768e-05,0.15960466861724854,0.14064074081234174,0.0,0.04716726536190924,0.8600000143051147,0.7375538241876869,57.15352449223416,0.05
2025-10,ba_ria_vung_tau,target_us_aqi,5952,52.10248565673828,50.77327256214118,-1.3292139969986057,25.291412353515625,14.888809943205448,24.0,28.058657041310244,217.0,122.98818692082646,87.3991935483871,20.0
2025-10,dong_nai,target_us_aqi,8184,64.13856506347656,65.06354539984034,0.9249823499869574,21.591751098632812,17.67247261658844,21.0,32.95065084881084,146.0,128.7535125157495,82.72238514173999,20.0
2025-10,ho_chi_minh,target_us_aqi,16368,87.54466247558594,86.23792113579155,-1.3067391770139292,19.030961990356445,13.392935802176169,33.0,36.76575927555746,187.0,136.27687935114102,78.06695992179863,20.0
2025-10,long_an,target_us_aqi,11160,84.56585693359375,79.78100743215276,-4.784852782900992,21.187482833862305,15.989244721861919,30.0,36.3670504257386,153.0,132.69303366752055,78.17204301075269,20.0
2025-10,tay_ninh,target_us_aqi,6696,63.61798095703125,63.930393377451956,0.31241249334203613,18.45133399963379,14.968082367960143,24.0,30.36085996776077,138.0,113.0004182906559,82.66129032258065,20.0
2025-11,ba_ria_vung_tau,target_currentspeed,5760,36.2540283203125,35.94034466221652,-0.3136831154453597,10.239368438720703,9.749153434877849,6.0,6.33486615092774,57.29999923706055,52.155805466529706,91.5625,5.0
2025-11,dong_nai,target_currentspeed,7920,40.01910400390625,39.54117436847521,-0.47792915696830546,9.570479393005371,8.94181098516882,6.0,5.7696485007877065,58.20000076293945,52.53160187924363,87.95454545454545,5.0
2025-11,ho_chi_minh,target_currentspeed,15840,26.25856590270996,25.896216187225484,-0.3623507461631775,10.250228881835938,9.85289123529671,6.0,5.65956006789095,56.599998474121094,51.421266636015915,93.0050505050505,5.0
2025-11,long_an,target_currentspeed,10800,41.49280548095703,40.91249546722583,-0.5803100812389733,8.388745307922363,7.908169187127312,6.5,12.686917263697579,59.70000076293945,53.38811143407473,90.62037037037037,5.0
2025-11,tay_ninh,target_currentspeed,6480,39.201480865478516,38.63515266469402,-0.5663288166255729,9.63543701171875,9.062127508433903,6.0,12.629448106598893,58.70000076293945,53.674932803540095,90.78703703703704,5.0
2025-11,ba_ria_vung_tau,target_traffic_density,5760,0.22036632895469666,0.2281203849760718,0.007754065615937912,0.1592138558626175,0.15065236307546265,0.0,0.024243624328554127,0.8500000238418579,0.8019473411212905,71.63194444444444,0.05
2025-11,dong_nai,target_traffic_density,7920,0.20969317853450775,0.22086714256245757,0.011173960749741387,0.1520591676235199,0.14294684853885495,0.0,0.04452801708027667,0.8500000238418579,0.8455176953693989,65.94696969696969,0.05
2025-11,ho_chi_minh,target_traffic_density,15840,0.3032456040382385,0.3161456155113777,0.012900034926593286,0.18809723854064941,0.17747983159114544,0.0,0.024024140271315324,0.8600000143051147,0.8600149292858946,59.17929292929293,0.05
2025-11,long_an,target_traffic_density,10800,0.17109721899032593,0.18182512880179988,0.010727906639113322,0.12813089787960052,0.11900507241399973,0.0,0.029196655072537513,0.8399999737739563,0.7434420566318382,70.7962962962963,0.05
2025-11,tay_ninh,target_traffic_density,6480,0.20848147571086884,0.21768456309676643,0.009203081619458627,0.1394301950931549,0.12978416694051692,0.0,0.041357195560047334,0.8500000238418579,0.6955297105946604,71.60493827160494,0.05
2025-11,ba_ria_vung_tau,target_us_aqi,5760,63.48385238647461,58.481527593715185,-5.002326572951479,36.69261169433594,15.550114925321724,22.0,30.108972889160295,266.0,130.16070115322663,80.0,20.0
2025-11,dong_nai,target_us_aqi,7920,68.54684448242188,68.11268881214748,-0.4341546221959538,22.946075439453125,16.435667240326477,18.0,31.523193233517862,191.0,114.29675123391216,84.92424242424242,20.0
2025-11,ho_chi_minh,target_us_aqi,15840,89.4662857055664,87.57472542075932,-1.8915624580285608,22.76413917541504,12.269296586614612,39.0,46.26024263821432,240.0,128.8717221745278,77.12121212121212,20.0
2025-11,long_an,target_us_aqi,10800,80.07176208496094,80.60098672633204,0.5292274670727785,26.569225311279297,17.696036935537037,25.0,36.68549544043036,191.0,128.4929993762201,77.41666666666667,20.0
2025-11,tay_ninh,target_us_aqi,6480,59.002933502197266,63.13002486185529,4.127092763089852,20.694049835205078,15.793021310342025,23.0,32.79076467111586,126.0,110.1092053590074,89.81481481481481,20.0
2025-12,ba_ria_vung_tau,target_currentspeed,5952,37.20418167114258,36.99471003005073,-0.20947345366588865,9.992169380187988,9.6941697933975,6.0,7.740378032910688,57.29999923706055,52.20273273276828,97.68145161290323,5.0
2025-12,dong_nai,target_currentspeed,8184,41.01653289794922,40.6853344486501,-0.331197796328192,9.22685718536377,8.885560888269342,6.0,5.952672599132206,58.20000076293945,52.613266733227135,97.51955034213098,5.0
2025-12,ho_chi_minh,target_currentspeed,16368,27.149965286254883,26.865173189544002,-0.2847901602882338,10.0105562210083,9.85158839635541,6.0,6.355920967088813,56.20000076293945,51.60629335219151,98.06940371456501,5.0
2025-12,long_an,target_currentspeed,11160,42.371273040771484,42.07140885186198,-0.2998635587666373,8.03869342803955,7.706714846204996,11.199999809265137,14.702872853373089,58.20000076293945,53.47078855364262,97.62544802867383,5.0
2025-12,tay_ninh,target_currentspeed,6696,40.031410217285156,39.79679651528905,-0.23461028822375046,9.226128578186035,9.007085729351983,11.699999809265137,14.082583840667342,59.70000076293945,53.793797392971555,98.53643966547192,5.0
2025-12,ba_ria_vung_tau,target_traffic_density,5952,0.2027217447757721,0.2072504266175312,0.004528652386492096,0.15089580416679382,0.14570867455046374,0.0,0.021782381301422224,0.8199999928474426,0.7693664857655577,84.66061827956989,0.05
2025-12,dong_nai,target_traffic_density,8184,0.19332477450370789,0.1985420225588345,0.0052172426394812765,0.14409111440181732,0.13908830796569388,0.0,0.04008211079956059,0.8399999737739563,0.8351575743590743,86.76686217008798,0.05
2025-12,ho_chi_minh,target_traffic_density,16368,0.28296005725860596,0.29052077962328804,0.0075607358055877144,0.17706705629825592,0.1746999750436631,0.0,0.025435493094730484,0.8700000047683716,0.8591571222785263,79.93646138807429,0.05
2025-12,long_an,target_traffic_density,11160,0.15656989812850952,0.16150563803064694,0.004935745577363507,0.12004370987415314,0.11484017744951637,0.0,0.02591785552782246,0.7900000214576721,0.7103822087838537,88.32437275985663,0.05
2025-12,tay_ninh,target_traffic_density,6696,0.19388888776302338,0.19812136524197252,0.004232476559587988,0.12854038178920746,0.12558763439464227,0.0,0.03904404883781665,0.7200000286102295,0.6518569065354977,89.17264038231781,0.05
2025-12,ba_ria_vung_tau,target_us_aqi,5952,66.40339660644531,71.31580720557092,4.91241338836662,34.74527359008789,30.572031173764717,32.0,38.400364842263606,253.0,199.82625347204456,81.97244623655914,20.0
2025-12,dong_nai,target_us_aqi,8184,76.4781265258789,82.54373119498524,6.065603140244277,22.12889289855957,23.293747595088796,29.0,38.46960906844646,197.0,188.78356069451698,80.84066471163244,20.0
2025-12,ho_chi_minh,target_us_aqi,16368,99.67821502685547,109.5297305208962,9.851516933408414,24.59632682800293,23.207566506154397,42.0,49.5609127038287,240.0,195.88085584175195,61.241446725317694,20.0
2025-12,long_an,target_us_aqi,11160,97.17481994628906,101.08680742282385,3.911986634293384,27.877735137939453,28.59099083119365,32.0,38.378368436709906,197.0,189.03448501385452,63.11827956989248,20.0
2025-12,tay_ninh,target_us_aqi,6696,62.991336822509766,66.21818169682723,3.2268435845213816,25.31687355041504,23.64139269359049,22.0,31.526263573692486,151.0,171.5944965700024,76.37395459976105,20.0
