date,province_key,location_count,predicted_currentspeed_mean,predicted_currentspeed_min,predicted_currentspeed_max,predicted_traffic_density_mean,predicted_traffic_density_min,predicted_traffic_density_max,predicted_us_aqi_mean,predicted_us_aqi_min,predicted_us_aqi_max
2026-01-01,ba_ria_vung_tau,8,38.474209073613416,11.52422660472398,52.95879952800008,0.16642234304224013,0.009273734253773244,0.6891148407358124,65.5084083974052,44.99736447834933,91.37391878786003
2026-01-01,dong_nai,11,42.13295739460164,12.025783290273274,53.63463451486385,0.16818154098389826,0.013864903979374113,0.734370897977458,72.97302687966081,53.759077883906514,107.13906621740924
2026-01-01,ho_chi_minh,22,28.920735750322248,11.659157344216762,52.22494509249522,0.23521292608260697,0.0010713649682889085,0.7473539283164072,92.44620875278838,74.85130154165508,118.11463006802512
2026-01-01,long_an,15,43.56149178885461,20.482056633031345,55.10151950875757,0.13053229783585776,0.008135107990744211,0.6051800031664133,88.22717266654394,58.694977234135095,122.00495157941363
2026-01-01,tay_ninh,9,41.43751564369898,19.645188459196444,55.08972456023426,0.1648855079193611,0.009311857952311214,0.5488047409572608,57.52617534323264,37.80597054219449,81.95148584750919
2026-01-02,ba_ria_vung_tau,8,37.43814942368455,9.456986025384857,52.30564137557291,0.1959942051821155,0.018441289135840207,0.7347199851459592,69.29399037019566,48.16340530730163,89.96384083456411
2026-01-02,dong_nai,11,41.009395088789084,9.258885555687522,52.88850217135332,0.1937250386230347,0.03333516477102285,0.7811596028661649,83.31030952639038,55.448932028711056,121.85798569142989
2026-01-02,ho_chi_minh,22,27.258571574920808,8.714607771776354,51.39855777470984,0.2809733758304172,0.011222430967905869,0.8072746067212828,112.37499671377095,86.8463334308677,132.32348815506492
2026-01-02,long_an,15,42.311195571918624,18.23257570577805,54.239885929520824,0.15710933930232607,0.020488706119855163,0.6348209582257134,96.28718147254901,61.932977428190995,131.13114541890133
2026-01-02,tay_ninh,9,40.075053065306854,17.430821413367973,53.963219847687675,0.1928734044969637,0.03177006686988688,0.5853933817942637,57.43172088143792,38.753784639061266,83.5436606102743
2026-01-03,ba_ria_vung_tau,8,37.18303735034758,14.268802764445724,52.025209742801856,0.20136631135910973,0.023358306058902566,0.586833204056926,68.59177368627788,46.550861997871735,95.6667628115853
2026-01-03,dong_nai,11,41.818004123011114,17.624725379437425,52.790927590506904,0.17817384899422425,0.03284425310304268,0.5391943731787462,79.60341185424302,54.5005818628238,114.31915714273933
2026-01-03,ho_chi_minh,22,28.073909266727867,14.277316937339151,51.021193148509575,0.2612288783757362,0.01933306521923366,0.5727874236843645,103.86404298371983,77.99841452057598,126.77729897031777
2026-01-03,long_an,15,42.9940705239386,24.7336790089049,54.24073117482934,0.14381862809613186,0.020779183226411407,0.37762235599704047,92.73970711722389,62.009783051337514,125.51526836980811
2026-01-03,tay_ninh,9,40.80846026448233,22.761704682439223,53.96150061527977,0.17871992590726013,0.03108978610417081,0.41323505613037814,56.193248414324984,37.413513107099,81.86696817666967
2026-01-04,ba_ria_vung_tau,8,37.22093106766989,14.272140550794354,52.09442266138661,0.20093905902656106,0.02150538145437206,0.584078875084873,70.63661606778126,49.89038351642511,95.90962446819802
2026-01-04,dong_nai,11,41.84184127868983,17.59583160398264,52.86900085494336,0.17782306449835117,0.032348324782792114,0.5377577993446366,84.00412764555138,58.68946046629387,118.34059471488051
2026-01-04,ho_chi_minh,22,28.10203092896629,14.280654723687782,51.02403809972913,0.2609263930846815,0.017796212463605594,0.5700330947123116,108.44373067266001,80.53645698343071,132.33779877392274
2026-01-04,long_an,15,43.00306933339464,24.793182810526996,54.24779377746292,0.1434898675147798,0.020073006726177234,0.374143157877157,96.37190173978449,64.03585245594918,132.98792517675338
2026-01-04,tay_ninh,9,40.817667759859305,22.76504246878786,53.97813872016877,0.17843846453821383,0.030593857783920243,0.4108561202431339,59.00367492697988,40.25501934627228,85.91909290427066
2026-01-05,ba_ria_vung_tau,8,37.383002888148354,9.453186971219424,52.28775032197256,0.19711260780840498,0.01819781389701035,0.7324975732472435,74.54493989657541,55.633094177790134,100.61251132546394
2026-01-05,dong_nai,11,40.940318823161256,9.255086501522088,52.89524689223079,0.19498383446650017,0.033708392987135884,0.7802894126343372,89.73225746396835,62.631834869778075,126.4002701754503
2026-01-05,ho_chi_minh,22,27.1983976638942,8.71080871761092,51.372987776044276,0.2823579213711089,0.011472511371287821,0.8051772198811237,116.45982356324387,87.0438727803598,143.4169133120635
2026-01-05,long_an,15,42.258766750137674,18.228776651612623,54.230508948079716,0.15809042690738287,0.020748608344027888,0.6333186781013569,104.29659995086891,70.91243993303976,143.12087643537757
2026-01-05,tay_ninh,9,40.019605894841504,17.427022359202546,53.95384286624657,0.19419030130546133,0.032221724844265096,0.5845231915624359,63.919349541985184,47.006769671559965,94.57692021489821
2026-01-06,ba_ria_vung_tau,8,37.22470503845117,8.533474978991983,52.29996525562085,0.20138700976555887,0.017150508644809905,0.7344888882155641,75.2652589660958,56.50225675824558,100.51008044470925
2026-01-06,dong_nai,11,40.72108340419446,8.541687828043635,52.907461825879075,0.19912070956898242,0.0334381405013492,0.7748447128144358,93.12441601339827,62.380512224488534,135.79600817757847
2026-01-06,ho_chi_minh,22,26.995321757020196,8.44851149951098,51.48396331166639,0.28793493727908953,0.011051308462100042,0.7970956887743612,125.78532876397841,89.68451370577081,151.84181248579318
2026-01-06,long_an,15,42.1080642935445,17.325220074483617,54.274121655951745,0.16219191483257372,0.019519842140475634,0.6420554957485741,115.05905765159967,84.47529163698455,150.01663955507084
2026-01-06,tay_ninh,9,39.88700048350455,16.482459016554838,53.9579186173596,0.19888064381422707,0.03187304260021323,0.6020619894462256,77.11046647913345,54.74175681243698,109.21934741662422
2026-01-07,ba_ria_vung_tau,8,37.42619274702961,9.47449562865882,52.27917530168944,0.19657364044304002,0.018334494706747965,0.7323833123978808,73.55234964291368,54.854396930836316,103.3542799222902
2026-01-07,dong_nai,11,40.98867650800915,9.276395158961485,52.88568692127475,0.1944921940240933,0.03331635851073062,0.7801751517849744,93.70629127447096,65.8561944829621,135.7192640306072
2026-01-07,ho_chi_minh,22,27.224309365485354,8.732117375050317,51.379549507406814,0.28160703840662743,0.011472511371287821,0.805062959031761,124.32158802898381,84.31635232428553,152.21385159825314
2026-01-07,long_an,15,42.31365746729565,18.250085309052015,54.237070679442255,0.15730819700341717,0.0204214410847893,0.6332044172519942,118.74087716744192,95.22037337954131,154.9829009027496
2026-01-07,tay_ninh,9,40.06535325511119,17.448331016641937,53.96040459760911,0.1932618912669576,0.03175126060959465,0.5844089307130732,87.10076979709538,62.6094051029436,121.76146915348303
2026-01-08,ba_ria_vung_tau,8,37.45156828262019,9.905087369232058,52.27737857816708,0.1953398489743147,0.018629405171909454,0.7218393368534093,69.86623674039737,51.19176394380422,97.15627144736152
2026-01-08,dong_nai,11,41.02418881867225,9.708172736019531,52.8591423679852,0.19333586207076947,0.0336853516682472,0.7696311762405029,91.49075684269052,63.72707744566527,127.773783986763
2026-01-08,ho_chi_minh,22,27.293024679356588,9.163894952108363,51.357177713884,0.2798735056370387,0.011613595188360006,0.7945189834872894,118.424325670909,82.55261855017065,145.02359483002766
2026-01-08,long_an,15,42.356399614104554,18.712865735726385,54.20565722839707,0.15636907021571336,0.020958906444176834,0.6226604417075227,114.97911688465051,95.26086059013176,144.92968517311982
2026-01-08,tay_ninh,9,40.10147861276217,17.85667709419814,53.93236606065482,0.19204700720757661,0.03212025376711123,0.5738649551686017,89.11812498514121,65.37007579030181,116.16520749006793
2026-01-09,ba_ria_vung_tau,8,37.42272535908227,9.505756710101275,52.247496337566915,0.19734946567774636,0.018629405171909454,0.7302488134990006,67.27810837190789,49.25438717252113,92.15962971413106
2026-01-09,dong_nai,11,40.99859649328115,9.282368344635525,52.829260127385034,0.19534877937966413,0.03355206443075686,0.7772685126849739,85.69075249882886,60.13700192854336,117.78193510360954
2026-01-09,ho_chi_minh,22,27.243665653665985,8.763378456492772,51.235784382507205,0.28180399388597493,0.016371547686988997,0.8020329943823816,108.40155607700468,75.08828054031947,136.14852158705847
2026-01-09,long_an,15,42.302019969884235,18.235598901899934,54.07572814926872,0.1584258576188242,0.020919377050150453,0.6314405197101076,107.39528042517233,89.76066917768208,136.0546119301506
2026-01-09,tay_ninh,9,40.05145258236319,17.454304202315978,53.902483820054655,0.194085026388177,0.03206539628788608,0.5815807213713379,83.73905721379168,60.45778427999223,109.35530317464145
2026-01-10,ba_ria_vung_tau,8,37.22163110814848,14.29531173263874,52.20531721020952,0.20220446568685047,0.02088972136134584,0.5836839887530544,65.44317340819293,48.067301249288064,91.06484802000782
2026-01-10,dong_nai,11,41.81979025823389,17.619002785827018,52.97989540376627,0.1789361792994713,0.03173266468976589,0.5365014980098232,80.90667605428281,53.82330644089308,115.34251413584295
2026-01-10,ho_chi_minh,22,28.121718220003487,14.303825905532168,51.12982639055353,0.2619089750659271,0.01718055237057937,0.569638208380493,106.53765136694844,74.25740217662424,133.00506096542455
2026-01-10,long_an,15,43.03485445782248,24.816353992371376,54.35868832628583,0.14450609198586922,0.01945734663315101,0.37259093387877434,102.07743471899602,81.62703650355425,130.92792702830428
2026-01-10,tay_ninh,9,40.85257957601007,22.78821365063224,54.089033268991685,0.17959864527661537,0.02997819769089402,0.4103828041530503,64.21701778583527,44.64185678489383,85.1099484260523
2026-01-11,ba_ria_vung_tau,8,37.21115441011586,14.2615134529042,52.1889348147362,0.20170758653466792,0.020880192040854725,0.584078875084873,65.54123023655326,49.30843941197128,89.76265655627928
2026-01-11,dong_nai,11,41.820769485104314,17.61743606789591,52.96351300829295,0.17843809600699495,0.03188726050523563,0.5377577993446366,75.98784579664769,54.85925810737275,107.59698066577873
2026-01-11,ho_chi_minh,22,28.083264756037394,14.270027625797628,51.11344399508021,0.2618795773234332,0.017171023050088257,0.5700330947123116,96.89482415894742,69.93870437969382,122.27152115022145
2026-01-11,long_an,15,43.00158136043369,24.72845044042505,54.33627347949641,0.14411274195969043,0.019690372206885944,0.3751655878903344,94.67686174452224,70.63997623185915,122.86335178307412
2026-01-11,tay_ninh,9,40.81844009993888,22.754415370897707,54.07265087351836,0.1791489873151975,0.030211223264628953,0.4108561202431339,67.54590998025385,51.36164032874285,87.48468593046265
2026-01-12,ba_ria_vung_tau,8,37.380684695024776,9.453186971219424,52.28870009546033,0.19698003443643422,0.018143115695807434,0.7318452103394587,63.47323475543786,46.99875127228401,89.29146923410556
2026-01-12,dong_nai,11,40.943324962872765,9.255086501522088,52.896196665718556,0.19490570781253658,0.03347797272474755,0.7796370497265523,71.9044305542229,52.60553760508041,105.83211120416242
2026-01-12,ho_chi_minh,22,27.205389585501763,8.71080871761092,51.372987776044276,0.28201842228672985,0.011472511371287821,0.8045248569733389,92.2370149056593,72.72700413302606,118.92863709548614
2026-01-12,long_an,15,42.26136774132209,18.228776651612623,54.24734696546066,0.15795129588513884,0.02026989429724712,0.6326663151935721,90.1607108761685,64.98379757516834,121.41817090970738
2026-01-12,tay_ninh,9,40.02108853359696,17.427022359202546,53.95384286624657,0.19395289901119026,0.031912874823611576,0.5838708286546511,60.99323094240757,48.90573602544397,86.58850188381918
2026-01-13,ba_ria_vung_tau,8,37.349248262642675,9.46445213137994,52.27864186259293,0.19819055543472222,0.018202518912544097,0.7320697880316512,72.54876307546667,51.31488507560531,102.55549644706731
2026-01-13,dong_nai,11,40.87761496239363,9.266351661682604,52.886582996492656,0.19617766267382647,0.03324619677992528,0.7798616274187449,88.45711997861599,60.96318910278143,132.32821632868007
2026-01-13,ho_chi_minh,22,27.13779197930464,8.722073877771436,51.37932667423872,0.2837981149698959,0.010750424454460235,0.8047494346655314,115.46622761594642,85.57844479487922,144.30426678781734
2026-01-13,long_an,15,42.232500173105926,18.24004181177314,54.24399920597625,0.15884650875619769,0.02053671126862866,0.6328908928857646,105.69823379980603,73.58491077817521,143.98492990825127
2026-01-13,tay_ninh,9,39.98406630331066,17.43828751936306,53.96130067282701,0.19520171536711378,0.03168109887878931,0.5855031119812268,70.93842571158704,49.5554251502091,105.99220247381109
2026-01-14,ba_ria_vung_tau,8,37.380342943924866,9.475116436841676,52.29993040312875,0.1972920146521352,0.018343194219429364,0.7313989915024527,76.17499409663581,53.47149911357677,107.77250423514973
2026-01-14,dong_nai,11,40.92111494079561,9.27701596714434,52.89898421613362,0.19524942316001423,0.0332293196427632,0.7791908308895463,95.79145685513703,61.7277181575847,140.35630431225505
2026-01-14,ho_chi_minh,22,27.188692313332258,8.732738183233172,51.39284680226568,0.28257230555607893,0.010941924854552015,0.8040786381363328,128.92650834367956,95.53809130079524,150.40895247512
2026-01-14,long_an,15,42.26122479773127,18.250706117234873,54.25036797430112,0.1582781317963382,0.02046997282086905,0.6322200963565661,111.18439939785561,77.25973299703736,149.7316699250183
2026-01-14,tay_ninh,9,40.01741746369681,17.448951824824796,53.97370189246797,0.19442848098056423,0.03166422174162723,0.5834246098176451,70.5222606844871,44.98876755572274,107.95390475053665
2026-01-15,ba_ria_vung_tau,8,37.390145340444484,9.475116436841676,52.28537967793085,0.1973726945547312,0.018033732088259403,0.7313989915024527,68.8179851904267,52.97864984928735,86.91484860902118
2026-01-15,dong_nai,11,40.93021685665724,9.27701596714434,52.91578906528195,0.19535283769589115,0.033179458332165665,0.7791908308895463,86.98891423248214,57.6485555232634,126.89163493128346
2026-01-15,ho_chi_minh,22,27.192719978786045,8.732738183233172,51.415604272627874,0.2825438642757304,0.010683686006700626,0.8040786381363328,116.54500973920062,84.1604867491306,131.2440324567309
2026-01-15,long_an,15,42.280088368800754,18.250706117234873,54.273205274765544,0.15820277664494953,0.02016051068969909,0.6322200963565661,99.88543677850043,66.88570003969282,131.5705713437221
2026-01-15,tay_ninh,9,40.02204204780548,17.448951824824796,53.9905067416163,0.19437208241230022,0.031017117102548092,0.5834246098176451,62.1356815742827,43.046769511396676,85.5418113617344
2026-01-16,ba_ria_vung_tau,8,37.38399043093151,9.477947488623123,52.29850088881433,0.19741352044011592,0.018135780464784486,0.7317385187405051,54.304882259808814,41.19597658049868,71.16712633699724
2026-01-16,dong_nai,11,40.92401410465259,9.279847018925787,52.892301257091525,0.19526036514994283,0.03318763744025498,0.7794541879721049,64.37695788061822,47.20004584920923,94.74663182146202
2026-01-16,ho_chi_minh,22,27.182029620173495,8.73556923501462,51.40718734640753,0.28242740478496187,0.010683686006700626,0.8042931403158288,85.71895344682956,64.89427931142134,112.46013801602152
2026-01-16,long_an,15,42.26266526854831,18.25353716901632,54.24971746657512,0.15825483076544283,0.02026271979702905,0.6324834534391246,83.6268579797667,63.917787147988385,113.08194141149649
2026-01-16,tay_ninh,9,40.01742015542765,17.45178287660624,53.96701893342588,0.19442462644055675,0.03162253953911901,0.5836879669002036,55.12671481172281,40.10558233215028,77.25811967605516
2026-01-17,ba_ria_vung_tau,8,37.15516202919543,13.964994323667584,52.19774374777606,0.20191320264756277,0.021476052939655186,0.5895077379968597,56.72484230256799,40.187257840641635,77.8078804275886
2026-01-17,dong_nai,11,41.73976086436167,17.171086526405897,53.016658259938026,0.17879600399328505,0.03245307707720693,0.5431866622566234,65.90845744883715,47.54328793005652,98.8863795671659
2026-01-17,ho_chi_minh,22,28.00896689010484,14.009817261606344,51.09042695304036,0.262531167033176,0.017661060279969883,0.571157686718148,84.6535526635461,60.25406720224984,114.50749831045145
2026-01-17,long_an,15,42.93506005316628,24.350827457767988,54.32968744572315,0.14444303400585218,0.02031385758419747,0.37737182133856056,82.85509755984215,64.77372430182314,115.78538342239467
2026-01-17,tay_ninh,9,40.756977921730915,22.30027197703605,54.0660648397451,0.17965890959204014,0.03069861007833506,0.4183312571871862,54.81517728148528,37.673239520462324,79.91876361177901
2026-01-18,ba_ria_vung_tau,8,37.17016926298946,13.88839165495677,52.197210308679544,0.20216376965278646,0.021217814091803802,0.5895077379968597,70.70902156574753,51.62192657206279,100.99552399108005
2026-01-18,dong_nai,11,41.758458792494174,17.24431426994848,53.01612482084151,0.17898130802956164,0.032060757420223865,0.5431866622566234,88.9524495469858,59.99951954692585,130.3665352444552
2026-01-18,ho_chi_minh,22,28.02224717475133,13.991193289359865,51.088774605557845,0.2627307349960961,0.0174028214321185,0.571157686718148,112.18532718044378,71.82064434192338,145.97638564293842
2026-01-18,long_an,15,42.95460700665162,24.4820338977749,54.33518645794273,0.1445015253282254,0.019825271587007323,0.37737182133856056,104.98919405852703,80.65294713304607,145.91663539577266
2026-01-18,tay_ninh,9,40.775613005379824,22.373499720578632,54.06553140064859,0.1797100499894329,0.030306290421351984,0.4183312571871862,82.39364511506277,55.697860442732186,118.69562421945659
2026-01-19,ba_ria_vung_tau,8,37.385823021621846,9.46893982865364,52.28845739153545,0.19734281381696905,0.018135780464784486,0.7317211266196749,71.42651245398815,57.96793058203019,101.05969480553165
2026-01-19,dong_nai,11,40.92642553192338,9.24555146318789,52.89291675951883,0.1953196989792579,0.033179458332165665,0.7774757330743486,92.61243276354833,68.9021914845527,129.96728483418042
2026-01-19,ho_chi_minh,22,27.19250532073638,8.784540271509469,51.39160983161039,0.2824108957594931,0.010683686006700626,0.8044007732535551,117.20692507846836,76.34731014580542,146.92737328963938
2026-01-19,long_an,15,42.26177150593009,18.256760716916638,54.250332969002436,0.1581473147259281,0.020522426266843308,0.6316477400994823,114.5450930444132,91.07916583976433,148.58912515066982
2026-01-19,tay_ninh,9,40.023657588508705,17.41748732086835,53.9676344358532,0.19427752832092746,0.0316143604310297,0.5817879417607126,99.44380219665236,74.0539213689775,129.02448769409781
2026-01-20,ba_ria_vung_tau,8,37.37165224345636,9.431947604568938,52.28845739153545,0.1972017725426066,0.018135780464784486,0.7316242578911424,71.8368971488046,54.18525632532218,107.15376965818281
2026-01-20,dong_nai,11,40.918016359376566,9.233847134871603,52.898450777037105,0.195117677499999,0.033179458332165665,0.779416097278236,91.4715860348803,64.19760671198641,137.69683256993505
2026-01-20,ho_chi_minh,22,27.18213388101221,8.747548047424766,51.39714384912865,0.2824556566421687,0.010683686006700626,0.8043039045250225,112.23934507847002,75.94821638271652,152.11836216131996
2026-01-20,long_an,15,42.245818413664985,18.265515981426468,54.2558669865207,0.15819420848087937,0.020240441787667065,0.6324453627452558,113.24207067034123,91.00442998201508,150.706059455182
2026-01-20,tay_ninh,9,40.008527778068,17.40578299255206,53.97316845337146,0.19428409432671176,0.0316143604310297,0.5836498762063348,105.0765315397207,81.31814716785007,137.9992436946685
2026-01-21,ba_ria_vung_tau,8,37.41721589082584,9.070485371147813,52.305008921907,0.19625543112652374,0.018435479888801974,0.7447390885239292,70.3457608239281,48.814984687708304,106.04447763120196
2026-01-21,dong_nai,11,40.98615648753899,8.872384901450477,52.90296572894958,0.1941701566404499,0.033326824801667015,0.7912548763996289,87.1734149984775,59.27929430542888,137.28450947244698
2026-01-21,ho_chi_minh,22,27.25916074516973,8.386085814003641,51.466975364219294,0.2810757306443277,0.010993148137870591,0.8174187351578094,107.15860559142091,71.16367118286281,153.99680932304986
2026-01-21,long_an,15,42.29928134917528,17.904053748005342,54.2527892729161,0.15738365486706757,0.020522426266843308,0.6449162317591773,111.11910438195682,82.41765761122431,158.8751332605729
2026-01-21,tay_ninh,9,40.058558965421895,17.044320759130933,53.9761894216192,0.1932612604771687,0.03176172690053105,0.5955482819768735,104.65474223369539,75.35589802565869,144.3773447681343
2026-01-22,ba_ria_vung_tau,8,37.46282536508263,9.715447156363393,52.30855912168173,0.1957519362850517,0.01845564571016022,0.7294561005059967,65.62398931588366,48.14111988523703,101.96301008974675
2026-01-22,dong_nai,11,41.02253928303285,9.49324462738245,52.91605569193996,0.19358257480533786,0.03307530773196356,0.7752107069606704,83.25364969414419,56.43340514543113,127.3813544974056
2026-01-22,ho_chi_minh,22,27.286954122933437,9.098296552592457,51.39918570046012,0.28065273419519815,0.011003551252076358,0.8021357471398769,100.38346137890318,68.18501616059164,145.4572348952813
2026-01-22,long_an,15,42.333086067110166,18.53545673072751,54.247665214973196,0.15686091850932538,0.02067308441439452,0.6293827139858041,105.29375812692473,79.38088270879481,149.03112632606934
2026-01-22,tay_ninh,9,40.09189688464217,17.641748985561055,53.96651248342049,0.19261823750996623,0.031510209830827585,0.5795229156470344,105.31890047074567,84.00327483030088,135.03410234153176
2026-01-23,ba_ria_vung_tau,8,37.465012340497545,9.580587175795236,52.27271821317576,0.19528809920701176,0.018172617759419356,0.7323611005666413,64.01901790518346,52.820155954928175,103.15971350401212
2026-01-23,dong_nai,11,41.03698584988971,9.383672542582708,52.860940533388025,0.19308582876579702,0.033745605561343164,0.778800718286847,81.98490887642079,57.715410233794984,130.16598905085024
2026-01-23,ho_chi_minh,22,27.267052809332338,8.897373455135872,51.313028818568924,0.2799718566253242,0.011540224157901608,0.8047840637961919,99.62974220980603,70.38425394147929,152.72868643532468
2026-01-23,long_an,15,42.34883429707858,18.44634423875389,54.154356973379905,0.15619813965899473,0.020220034743434312,0.6323304153006225,104.27080339465402,83.97110484835271,155.67187505714386
2026-01-23,tay_ninh,9,40.10468164631223,17.62081210969881,53.932842330956326,0.19188442907435196,0.032258937418472376,0.5829028388691728,105.81116182408915,88.1106422700138,136.11021012692416
2026-01-24,ba_ria_vung_tau,8,37.20327343847116,14.156409859923196,52.210754051427536,0.20111785218816122,0.020492326643614465,0.5834427265149398,65.65896482287846,49.93318968260494,92.0014113928247
2026-01-24,dong_nai,11,41.805943103013156,17.512332474914896,52.99892768076653,0.17810072690150852,0.032036403876145966,0.5371216507747034,84.33133807822242,60.463054655055785,118.15947952922066
2026-01-24,ho_chi_minh,22,28.048357616429012,14.222902729280955,51.11695756572332,0.26166056460266546,0.01741714720853642,0.570791665785005,100.78050944715032,70.43879995640313,141.32599682342754
2026-01-24,long_an,15,42.9836268428378,24.78359134969466,54.31798931786775,0.14365547955868435,0.019099784138817986,0.3744882745662554,104.55190599547304,83.24321015188703,140.23777396079635
2026-01-24,tay_ninh,9,40.807609481809806,22.73794698685419,54.048334260573604,0.17868722309822585,0.02958080297316264,0.409748719866104,107.47696175861842,85.35410640077906,138.0740849572462
2026-01-25,ba_ria_vung_tau,8,37.16467022967261,14.151232386007942,52.19741319286439,0.20186836922065146,0.020906123824629527,0.5831243735356995,57.27991464628234,45.203514679670384,82.98554917626326
2026-01-25,dong_nai,11,41.75526253420965,17.50715500099965,52.98558682220338,0.1787573492706959,0.03174906715304958,0.5368032977954631,73.45839246296968,48.733282469717125,109.5291902376371
2026-01-25,ho_chi_minh,22,28.00349533644139,14.217725255365702,51.05823660691971,0.2627041500327904,0.017129810485440038,0.5704733128057646,90.14029944684133,61.73994575457572,129.68525643140316
2026-01-25,long_an,15,42.94417371304826,24.748121692688137,54.3046484593046,0.1446610882114311,0.019513581319833048,0.3762015135748206,95.53240453426376,73.57945440482875,131.4903383020496
2026-01-25,tay_ninh,9,40.76594981163031,22.732769512938944,54.03499340201046,0.17957694551453382,0.0299946001541777,0.40989571046811224,94.62709516793036,75.4183472334099,122.0858429282357
2026-01-26,ba_ria_vung_tau,8,37.38256831811652,9.458912001553186,52.214261397629166,0.1966811487298422,0.018478798356705302,0.7413462303003754,59.337512612247046,48.68781504457795,82.72034599966689
2026-01-26,dong_nai,11,40.92034890219463,9.26081153185585,52.83271061512827,0.1948200228105733,0.033198580681959286,0.7892032810628685,73.3618265493288,52.49257996065889,108.58250153926103
2026-01-26,ho_chi_minh,22,27.14970415113797,8.774512444409014,51.32688380718876,0.281938978878106,0.011165503522567915,0.8131237778965399,92.4505224633798,65.23366576076494,126.53687799554541
2026-01-26,long_an,15,42.26237839536642,18.236909474185435,54.19012682461187,0.15762498937204122,0.019719606850007836,0.642732978076644,95.74256137850658,77.3741586953075,129.0288331168784
2026-01-26,tay_ninh,9,40.030446924827736,17.460057142967873,53.90742829146264,0.19358518410769468,0.03163348278082332,0.5947727339287233,85.12740502233876,67.42250683986829,112.72962511601924
2026-01-27,ba_ria_vung_tau,8,37.66219391262712,11.203834575518982,52.32823927181921,0.1931442511102068,0.01934269510709076,0.7149140632765484,63.651396119539584,50.366039326444174,94.3195046088201
2026-01-27,dong_nai,11,41.4686572786762,11.570216475357125,53.054723757162336,0.1902801343254454,0.03128638632597132,0.7520155189042704,78.0049730592239,55.38801924240377,125.62762287197813
2026-01-27,ho_chi_minh,22,28.00899179022056,11.47114136451731,51.511576188170096,0.2745865558003984,0.013053788733171808,0.7780477193166779,99.53779470294546,67.79959213151966,142.11196529535457
2026-01-27,long_an,15,42.707477181451836,19.758967319148944,54.46417443112368,0.15387279063988457,0.01879647135204751,0.6159578052203848,102.21046527480652,82.27149381367332,146.21805067285484
2026-01-27,tay_ninh,9,40.500818410003916,18.77970699202769,54.20059871828868,0.18864942070258664,0.030290153316776456,0.5639227389097518,88.0927411841121,67.36648233826493,121.10022219827479
2026-01-28,ba_ria_vung_tau,8,38.25428845480779,13.102319351376046,52.64420328229824,0.1726957758591305,0.02603766369969289,0.6475580008785071,65.05798174773095,46.87178729779221,101.21159573397946
2026-01-28,dong_nai,11,42.445667517215824,14.568773018617737,53.57143710634403,0.16089201993115895,0.01636336270186088,0.6193875081488573,79.79118207104813,54.61236955960441,132.16985847685527
2026-01-28,ho_chi_minh,22,29.596695542319683,13.938680733772493,52.50768522421838,0.21481736271355817,0.017823522154884766,0.6523543332568877,101.57587543455978,66.39350784307122,149.08386652743556
2026-01-28,long_an,15,43.51788036724484,21.131976765296887,54.97427460251456,0.13018507774459534,0.008666194570544015,0.5632686633352108,103.6940682095208,78.26888454792159,150.13902660822666
2026-01-28,tay_ninh,9,41.411855816051364,19.8818050886847,54.84630036456531,0.16020570602879083,0.013585936973726292,0.5258382640849614,88.06336439668813,63.840504099028706,125.23757942384613
2026-01-29,ba_ria_vung_tau,8,38.25880263172892,13.09105419121553,52.649700588976756,0.1735252457833273,0.026077495923091238,0.6482103637862919,75.94437348032015,58.91429408794427,119.41837265814968
2026-01-29,dong_nai,11,42.457158430019035,14.557507858457221,53.58647417623819,0.161586644335179,0.016591009356778787,0.6200398710566422,92.82504264567933,63.15709273418319,150.2624512171196
2026-01-29,ho_chi_minh,22,29.58962657419786,13.927415573611977,52.50323523857796,0.2159653649595832,0.017863354378283115,0.6530066961646726,116.74146563323133,78.40004057348453,162.48926774964804
2026-01-29,long_an,15,43.521705511308646,21.12071160513637,54.9580815852901,0.13085083928117638,0.008666194570544015,0.5639210262429956,113.33132439526823,90.95756800258292,161.13738745855298
2026-01-29,tay_ninh,9,41.419251163264214,19.870539928524185,54.83010734734085,0.16074520629523134,0.013813583628644195,0.5264906269927462,95.81138262061411,67.1882500726783,138.29504537684355
2026-01-30,ba_ria_vung_tau,8,38.25073105977104,13.326631263698141,52.63773998826217,0.17267820155005076,0.026122725507555008,0.6434342161825974,78.514408310341,59.12669040165697,120.50657438552905
2026-01-30,dong_nai,11,42.614971839867394,15.141007287626406,53.61514126663263,0.1603401848005933,0.01659729891739398,0.6179212271517318,96.30285740264989,67.81071015209513,151.78260461625587
2026-01-30,ho_chi_minh,22,29.786588878330225,14.224372863396272,52.55426967707135,0.21374112715237023,0.017908583962746884,0.6516003787777256,119.71955825170265,80.9865885565192,162.62215371877357
2026-01-30,long_an,15,43.57815262948651,21.286461428787085,54.92483501277349,0.13058127365059893,0.008493319643207261,0.5623130340036705,117.63102723024407,93.02743510966614,162.09685174729034
2026-01-30,tay_ninh,9,41.56817289649845,20.088065728931717,54.864594565245575,0.16021108052045133,0.013819873189259384,0.5258581184804844,99.63390089424,70.36840583510123,139.69355318912855
2026-01-31,ba_ria_vung_tau,8,38.15858162123134,17.948589566393725,52.776157289241965,0.17416820598156826,0.021948180284673255,0.5013669653375203,82.20756967562811,65.07557374393586,128.31823251112675
2026-01-31,dong_nai,11,43.53040860413765,23.374880749139,53.87394565140591,0.14239063820801046,0.011045840325562292,0.38128172087557066,101.20523833553763,74.25275466156886,156.85707086165138
2026-01-31,ho_chi_minh,22,30.71786784054407,17.99725145588001,52.65771351873424,0.1933549326662356,0.020223296448425822,0.42188636058149515,126.57652776613301,87.55926033807403,167.80914379639975
2026-01-31,long_an,15,44.363340027446114,27.342280266187817,55.08401264475033,0.1145747860748658,0.0042003261306631364,0.3025858253120328,125.92929138432477,98.62073349397716,167.9861522713079
2026-01-31,tay_ninh,9,42.41545481177649,25.339646946561693,55.02386674719567,0.14355295810128293,0.008306055644745751,0.3355788776458964,107.83940526994239,79.80706372789888,149.58165694771444
