date,hour,location_name,lat,lon,temperature_2m,relative_humidity_2m,precipitation,rain,wind_speed_10m,cloud_cover
2026-01-01,00:00,Ho_Chi_Minh,10.8231,106.6297,22.8,84,0.0,0.0,10.6,5
2026-01-01,01:00,Ho_Chi_Minh,10.8231,106.6297,22.6,84,0.0,0.0,6.9,77
2026-01-01,02:00,Ho_Chi_Minh,10.8231,106.6297,22.4,86,0.0,0.0,5.0,100
2026-01-01,03:00,Ho_Chi_Minh,10.8231,106.6297,22.0,88,0.0,0.0,3.8,100
2026-01-01,04:00,Ho_Chi_Minh,10.8231,106.6297,21.8,89,0.0,0.0,3.9,95
2026-01-01,05:00,Ho_Chi_Minh,10.8231,106.6297,21.3,90,0.0,0.0,3.4,90
2026-01-01,06:00,Ho_Chi_Minh,10.8231,106.6297,21.1,91,0.0,0.0,3.6,46
2026-01-01,07:00,Ho_Chi_Minh,10.8231,106.6297,22.0,88,0.0,0.0,4.7,60
2026-01-01,08:00,Ho_Chi_Minh,10.8231,106.6297,23.9,77,0.0,0.0,2.5,34
2026-01-01,09:00,Ho_Chi_Minh,10.8231,106.6297,25.7,68,0.0,0.0,1.7,8
2026-01-01,10:00,Ho_Chi_Minh,10.8231,106.6297,27.5,59,0.0,0.0,2.3,0
2026-01-01,11:00,Ho_Chi_Minh,10.8231,106.6297,29.2,51,0.0,0.0,1.7,38
2026-01-01,12:00,Ho_Chi_Minh,10.8231,106.6297,30.0,47,0.0,0.0,3.6,99
2026-01-01,13:00,Ho_Chi_Minh,10.8231,106.6297,30.5,44,0.0,0.0,3.8,76
2026-01-01,14:00,Ho_Chi_Minh,10.8231,106.6297,31.2,41,0.0,0.0,6.7,95
2026-01-01,15:00,Ho_Chi_Minh,10.8231,106.6297,30.9,41,0.0,0.0,8.2,98
2026-01-01,16:00,Ho_Chi_Minh,10.8231,106.6297,30.0,45,0.0,0.0,8.9,91
2026-01-01,17:00,Ho_Chi_Minh,10.8231,106.6297,29.3,47,0.0,0.0,8.9,43
2026-01-01,18:00,Ho_Chi_Minh,10.8231,106.6297,27.9,58,0.0,0.0,3.2,1
2026-01-01,19:00,Ho_Chi_Minh,10.8231,106.6297,26.5,68,0.0,0.0,11.7,80
2026-01-01,20:00,Ho_Chi_Minh,10.8231,106.6297,24.5,79,0.0,0.0,10.2,29
2026-01-01,21:00,Ho_Chi_Minh,10.8231,106.6297,24.1,79,0.0,0.0,11.4,63
2026-01-01,22:00,Ho_Chi_Minh,10.8231,106.6297,23.8,81,0.0,0.0,10.1,99
2026-01-01,23:00,Ho_Chi_Minh,10.8231,106.6297,23.5,82,0.0,0.0,7.2,98
2026-01-02,00:00,Ho_Chi_Minh,10.8231,106.6297,23.2,83,0.0,0.0,6.0,98
2026-01-02,01:00,Ho_Chi_Minh,10.8231,106.6297,23.1,82,0.0,0.0,7.3,100
2026-01-02,02:00,Ho_Chi_Minh,10.8231,106.6297,23.0,82,0.0,0.0,4.7,100
2026-01-02,03:00,Ho_Chi_Minh,10.8231,106.6297,22.6,83,0.0,0.0,5.2,100
2026-01-02,04:00,Ho_Chi_Minh,10.8231,106.6297,22.0,85,0.0,0.0,7.6,100
2026-01-02,05:00,Ho_Chi_Minh,10.8231,106.6297,21.4,87,0.0,0.0,7.9,100
2026-01-02,06:00,Ho_Chi_Minh,10.8231,106.6297,21.0,88,0.0,0.0,7.6,99
2026-01-02,07:00,Ho_Chi_Minh,10.8231,106.6297,21.6,84,0.0,0.0,7.1,99
2026-01-02,08:00,Ho_Chi_Minh,10.8231,106.6297,23.8,63,0.0,0.0,6.0,100
2026-01-02,09:00,Ho_Chi_Minh,10.8231,106.6297,25.6,54,0.0,0.0,3.6,100
2026-01-02,10:00,Ho_Chi_Minh,10.8231,106.6297,27.5,48,0.0,0.0,0.7,100
2026-01-02,11:00,Ho_Chi_Minh,10.8231,106.6297,29.2,44,0.0,0.0,3.4,52
2026-01-02,12:00,Ho_Chi_Minh,10.8231,106.6297,30.3,44,0.0,0.0,6.9,82
2026-01-02,13:00,Ho_Chi_Minh,10.8231,106.6297,30.8,46,0.0,0.0,9.5,15
2026-01-02,14:00,Ho_Chi_Minh,10.8231,106.6297,31.0,45,0.0,0.0,9.5,12
2026-01-02,15:00,Ho_Chi_Minh,10.8231,106.6297,31.2,44,0.0,0.0,7.9,38
2026-01-02,16:00,Ho_Chi_Minh,10.8231,106.6297,30.2,44,0.0,0.0,8.3,33
2026-01-02,17:00,Ho_Chi_Minh,10.8231,106.6297,28.5,48,0.0,0.0,10.4,4
2026-01-02,18:00,Ho_Chi_Minh,10.8231,106.6297,26.8,54,0.0,0.0,10.3,1
2026-01-02,19:00,Ho_Chi_Minh,10.8231,106.6297,26.1,65,0.0,0.0,8.9,14
2026-01-02,20:00,Ho_Chi_Minh,10.8231,106.6297,26.0,66,0.0,0.0,7.8,31
2026-01-02,21:00,Ho_Chi_Minh,10.8231,106.6297,25.5,72,0.0,0.0,8.0,15
2026-01-02,22:00,Ho_Chi_Minh,10.8231,106.6297,25.0,76,0.0,0.0,4.4,49
2026-01-02,23:00,Ho_Chi_Minh,10.8231,106.6297,25.0,70,0.0,0.0,8.3,31
2026-01-03,00:00,Ho_Chi_Minh,10.8231,106.6297,24.5,63,0.0,0.0,10.5,2
2026-01-03,01:00,Ho_Chi_Minh,10.8231,106.6297,23.8,64,0.0,0.0,7.9,0
2026-01-03,02:00,Ho_Chi_Minh,10.8231,106.6297,23.0,67,0.0,0.0,6.8,0
2026-01-03,03:00,Ho_Chi_Minh,10.8231,106.6297,22.2,69,0.0,0.0,8.5,0
2026-01-03,04:00,Ho_Chi_Minh,10.8231,106.6297,21.6,68,0.0,0.0,8.9,0
2026-01-03,05:00,Ho_Chi_Minh,10.8231,106.6297,21.1,69,0.0,0.0,7.0,2
2026-01-03,06:00,Ho_Chi_Minh,10.8231,106.6297,20.9,69,0.0,0.0,5.1,5
2026-01-03,07:00,Ho_Chi_Minh,10.8231,106.6297,21.1,68,0.0,0.0,6.3,6
2026-01-03,08:00,Ho_Chi_Minh,10.8231,106.6297,23.5,58,0.0,0.0,4.2,2
2026-01-03,09:00,Ho_Chi_Minh,10.8231,106.6297,25.7,54,0.0,0.0,3.9,0
2026-01-03,10:00,Ho_Chi_Minh,10.8231,106.6297,27.6,50,0.0,0.0,4.5,0
2026-01-03,11:00,Ho_Chi_Minh,10.8231,106.6297,29.0,47,0.0,0.0,6.5,0
2026-01-03,12:00,Ho_Chi_Minh,10.8231,106.6297,30.6,43,0.0,0.0,6.5,72
2026-01-03,13:00,Ho_Chi_Minh,10.8231,106.6297,29.8,45,0.0,0.0,7.9,89
2026-01-03,14:00,Ho_Chi_Minh,10.8231,106.6297,30.1,45,0.0,0.0,7.2,97
2026-01-03,15:00,Ho_Chi_Minh,10.8231,106.6297,30.0,45,0.0,0.0,5.6,100
2026-01-03,16:00,Ho_Chi_Minh,10.8231,106.6297,29.7,46,0.0,0.0,5.2,100
2026-01-03,17:00,Ho_Chi_Minh,10.8231,106.6297,28.9,48,0.0,0.0,9.0,98
2026-01-03,18:00,Ho_Chi_Minh,10.8231,106.6297,27.1,56,0.0,0.0,11.5,99
2026-01-03,19:00,Ho_Chi_Minh,10.8231,106.6297,26.6,61,0.0,0.0,8.9,100
2026-01-03,20:00,Ho_Chi_Minh,10.8231,106.6297,26.0,64,0.0,0.0,8.7,100
2026-01-03,21:00,Ho_Chi_Minh,10.8231,106.6297,25.2,66,0.0,0.0,6.7,100
2026-01-03,22:00,Ho_Chi_Minh,10.8231,106.6297,24.6,70,0.0,0.0,3.2,100
2026-01-03,23:00,Ho_Chi_Minh,10.8231,106.6297,24.0,74,0.0,0.0,4.8,100
2026-01-04,00:00,Ho_Chi_Minh,10.8231,106.6297,23.5,76,0.0,0.0,5.4,100
2026-01-04,01:00,Ho_Chi_Minh,10.8231,106.6297,22.9,81,0.0,0.0,6.6,96
2026-01-04,02:00,Ho_Chi_Minh,10.8231,106.6297,22.4,75,0.0,0.0,7.1,95
2026-01-04,03:00,Ho_Chi_Minh,10.8231,106.6297,21.8,70,0.0,0.0,8.7,99
2026-01-04,04:00,Ho_Chi_Minh,10.8231,106.6297,21.1,70,0.0,0.0,8.9,88
2026-01-04,05:00,Ho_Chi_Minh,10.8231,106.6297,20.5,72,0.0,0.0,8.2,19
2026-01-04,06:00,Ho_Chi_Minh,10.8231,106.6297,20.0,74,0.0,0.0,8.2,83
2026-01-04,07:00,Ho_Chi_Minh,10.8231,106.6297,20.8,73,0.0,0.0,7.7,89
2026-01-04,08:00,Ho_Chi_Minh,10.8231,106.6297,23.0,64,0.0,0.0,6.5,80
2026-01-04,09:00,Ho_Chi_Minh,10.8231,106.6297,25.5,55,0.0,0.0,6.7,68
2026-01-04,10:00,Ho_Chi_Minh,10.8231,106.6297,27.9,47,0.0,0.0,6.7,58
2026-01-04,11:00,Ho_Chi_Minh,10.8231,106.6297,29.9,42,0.0,0.0,5.7,97
2026-01-04,12:00,Ho_Chi_Minh,10.8231,106.6297,31.5,36,0.0,0.0,3.5,99
2026-01-04,13:00,Ho_Chi_Minh,10.8231,106.6297,32.1,35,0.0,0.0,3.9,8
2026-01-04,14:00,Ho_Chi_Minh,10.8231,106.6297,33.0,34,0.0,0.0,2.5,46
2026-01-04,15:00,Ho_Chi_Minh,10.8231,106.6297,33.2,33,0.0,0.0,3.8,100
2026-01-04,16:00,Ho_Chi_Minh,10.8231,106.6297,33.0,35,0.0,0.0,7.4,100
2026-01-04,17:00,Ho_Chi_Minh,10.8231,106.6297,31.6,38,0.0,0.0,6.8,100
2026-01-04,18:00,Ho_Chi_Minh,10.8231,106.6297,30.1,44,0.0,0.0,5.6,100
2026-01-04,19:00,Ho_Chi_Minh,10.8231,106.6297,28.0,58,0.0,0.0,10.5,100
2026-01-04,20:00,Ho_Chi_Minh,10.8231,106.6297,26.1,68,0.0,0.0,10.6,100
2026-01-04,21:00,Ho_Chi_Minh,10.8231,106.6297,25.3,72,0.0,0.0,8.7,100
2026-01-04,22:00,Ho_Chi_Minh,10.8231,106.6297,25.0,75,0.0,0.0,6.0,100
2026-01-04,23:00,Ho_Chi_Minh,10.8231,106.6297,24.8,76,0.0,0.0,4.2,100
2026-01-05,00:00,Ho_Chi_Minh,10.8231,106.6297,24.5,77,0.0,0.0,2.5,100
2026-01-05,01:00,Ho_Chi_Minh,10.8231,106.6297,24.2,81,0.0,0.0,1.8,100
2026-01-05,02:00,Ho_Chi_Minh,10.8231,106.6297,24.0,82,0.0,0.0,3.6,100
2026-01-05,03:00,Ho_Chi_Minh,10.8231,106.6297,24.0,82,0.0,0.0,4.6,100
2026-01-05,04:00,Ho_Chi_Minh,10.8231,106.6297,23.7,84,0.0,0.0,4.6,100
2026-01-05,05:00,Ho_Chi_Minh,10.8231,106.6297,23.8,83,0.0,0.0,3.4,100
2026-01-05,06:00,Ho_Chi_Minh,10.8231,106.6297,23.9,81,0.0,0.0,3.7,100
2026-01-05,07:00,Ho_Chi_Minh,10.8231,106.6297,24.1,83,0.0,0.0,2.4,100
2026-01-05,08:00,Ho_Chi_Minh,10.8231,106.6297,25.3,76,0.0,0.0,3.0,100
2026-01-05,09:00,Ho_Chi_Minh,10.8231,106.6297,26.9,66,0.0,0.0,2.6,97
2026-01-05,10:00,Ho_Chi_Minh,10.8231,106.6297,29.1,56,0.0,0.0,2.5,20
2026-01-05,11:00,Ho_Chi_Minh,10.8231,106.6297,30.6,50,0.0,0.0,3.1,87
2026-01-05,12:00,Ho_Chi_Minh,10.8231,106.6297,31.4,47,0.0,0.0,1.5,96
2026-01-05,13:00,Ho_Chi_Minh,10.8231,106.6297,31.6,46,0.0,0.0,2.6,95
2026-01-05,14:00,Ho_Chi_Minh,10.8231,106.6297,32.0,46,0.0,0.0,4.0,89
2026-01-05,15:00,Ho_Chi_Minh,10.8231,106.6297,31.5,47,0.2,0.2,2.9,95
2026-01-05,16:00,Ho_Chi_Minh,10.8231,106.6297,30.8,50,0.0,0.0,4.1,98
2026-01-05,17:00,Ho_Chi_Minh,10.8231,106.6297,29.9,53,0.0,0.0,5.9,96
2026-01-05,18:00,Ho_Chi_Minh,10.8231,106.6297,28.6,59,0.0,0.0,1.9,100
2026-01-05,19:00,Ho_Chi_Minh,10.8231,106.6297,27.0,75,0.1,0.1,6.3,100
2026-01-05,20:00,Ho_Chi_Minh,10.8231,106.6297,26.5,78,0.0,0.0,9.0,100
2026-01-05,21:00,Ho_Chi_Minh,10.8231,106.6297,25.5,85,0.0,0.0,10.1,99
2026-01-05,22:00,Ho_Chi_Minh,10.8231,106.6297,24.7,88,0.0,0.0,7.3,92
2026-01-05,23:00,Ho_Chi_Minh,10.8231,106.6297,24.6,87,0.0,0.0,3.9,100
2026-01-06,00:00,Ho_Chi_Minh,10.8231,106.6297,24.5,87,0.0,0.0,2.3,46
2026-01-06,01:00,Ho_Chi_Minh,10.8231,106.6297,24.8,87,0.0,0.0,3.0,100
2026-01-06,02:00,Ho_Chi_Minh,10.8231,106.6297,24.7,88,0.0,0.0,4.4,100
2026-01-06,03:00,Ho_Chi_Minh,10.8231,106.6297,24.5,89,0.0,0.0,2.0,100
2026-01-06,04:00,Ho_Chi_Minh,10.8231,106.6297,24.0,92,0.0,0.0,4.1,99
2026-01-06,05:00,Ho_Chi_Minh,10.8231,106.6297,23.8,94,0.0,0.0,4.5,100
2026-01-06,06:00,Ho_Chi_Minh,10.8231,106.6297,23.5,96,0.0,0.0,6.6,100
2026-01-06,07:00,Ho_Chi_Minh,10.8231,106.6297,23.9,94,0.0,0.0,5.0,100
2026-01-06,08:00,Ho_Chi_Minh,10.8231,106.6297,25.7,82,0.0,0.0,3.8,100
2026-01-06,09:00,Ho_Chi_Minh,10.8231,106.6297,27.3,72,0.1,0.1,2.4,100
2026-01-06,10:00,Ho_Chi_Minh,10.8231,106.6297,28.9,63,0.1,0.1,1.4,100
2026-01-06,11:00,Ho_Chi_Minh,10.8231,106.6297,29.9,58,0.0,0.0,1.8,100
2026-01-06,12:00,Ho_Chi_Minh,10.8231,106.6297,31.1,53,0.1,0.1,2.3,100
2026-01-06,13:00,Ho_Chi_Minh,10.8231,106.6297,29.8,59,0.2,0.2,1.6,100
2026-01-06,14:00,Ho_Chi_Minh,10.8231,106.6297,29.1,63,0.0,0.0,4.5,100
2026-01-06,15:00,Ho_Chi_Minh,10.8231,106.6297,26.1,79,12.5,12.5,9.8,100
2026-01-06,16:00,Ho_Chi_Minh,10.8231,106.6297,25.0,86,1.9,1.9,0.9,100
2026-01-06,17:00,Ho_Chi_Minh,10.8231,106.6297,24.3,91,6.4,6.4,9.2,100
2026-01-06,18:00,Ho_Chi_Minh,10.8231,106.6297,24.4,91,0.4,0.4,2.3,100
2026-01-06,19:00,Ho_Chi_Minh,10.8231,106.6297,25.4,83,0.1,0.1,6.9,100
2026-01-06,20:00,Ho_Chi_Minh,10.8231,106.6297,25.4,81,0.1,0.1,6.0,100
2026-01-06,21:00,Ho_Chi_Minh,10.8231,106.6297,25.2,80,0.0,0.0,2.9,100
2026-01-06,22:00,Ho_Chi_Minh,10.8231,106.6297,24.7,85,0.3,0.3,6.2,100
2026-01-06,23:00,Ho_Chi_Minh,10.8231,106.6297,24.5,86,0.0,0.0,2.3,100
2026-01-07,00:00,Ho_Chi_Minh,10.8231,106.6297,24.0,90,0.0,0.0,7.1,99
2026-01-07,01:00,Ho_Chi_Minh,10.8231,106.6297,24.0,92,0.0,0.0,9.9,77
2026-01-07,02:00,Ho_Chi_Minh,10.8231,106.6297,23.2,85,0.0,0.0,9.6,100
2026-01-07,03:00,Ho_Chi_Minh,10.8231,106.6297,22.5,80,0.0,0.0,9.2,100
2026-01-07,04:00,Ho_Chi_Minh,10.8231,106.6297,22.2,74,0.0,0.0,8.5,96
2026-01-07,05:00,Ho_Chi_Minh,10.8231,106.6297,22.0,71,0.0,0.0,8.3,100
2026-01-07,06:00,Ho_Chi_Minh,10.8231,106.6297,21.9,70,0.0,0.0,7.5,100
2026-01-07,07:00,Ho_Chi_Minh,10.8231,106.6297,22.7,73,0.0,0.0,4.4,99
2026-01-07,08:00,Ho_Chi_Minh,10.8231,106.6297,23.6,69,0.0,0.0,4.0,100
2026-01-07,09:00,Ho_Chi_Minh,10.8231,106.6297,25.0,68,0.0,0.0,2.7,100
2026-01-07,10:00,Ho_Chi_Minh,10.8231,106.6297,26.5,64,0.0,0.0,1.3,80
2026-01-07,11:00,Ho_Chi_Minh,10.8231,106.6297,28.1,58,0.0,0.0,2.7,35
2026-01-07,12:00,Ho_Chi_Minh,10.8231,106.6297,29.5,53,0.0,0.0,3.5,94
2026-01-07,13:00,Ho_Chi_Minh,10.8231,106.6297,30.2,51,0.0,0.0,6.1,95
2026-01-07,14:00,Ho_Chi_Minh,10.8231,106.6297,30.7,49,0.0,0.0,6.7,21
2026-01-07,15:00,Ho_Chi_Minh,10.8231,106.6297,30.6,49,0.0,0.0,6.4,57
2026-01-07,16:00,Ho_Chi_Minh,10.8231,106.6297,30.7,47,0.0,0.0,3.1,19
2026-01-07,17:00,Ho_Chi_Minh,10.8231,106.6297,30.2,48,0.0,0.0,5.9,46
2026-01-07,18:00,Ho_Chi_Minh,10.8231,106.6297,27.5,62,0.0,0.0,12.7,100
2026-01-07,19:00,Ho_Chi_Minh,10.8231,106.6297,26.0,69,0.0,0.0,12.0,63
2026-01-07,20:00,Ho_Chi_Minh,10.8231,106.6297,25.5,71,0.0,0.0,9.7,43
2026-01-07,21:00,Ho_Chi_Minh,10.8231,106.6297,25.1,73,0.0,0.0,7.2,98
2026-01-07,22:00,Ho_Chi_Minh,10.8231,106.6297,24.8,74,0.0,0.0,5.0,100
2026-01-07,23:00,Ho_Chi_Minh,10.8231,106.6297,24.4,77,0.0,0.0,3.4,96
2026-01-08,00:00,Ho_Chi_Minh,10.8231,106.6297,23.6,73,0.0,0.0,10.8,98
2026-01-08,01:00,Ho_Chi_Minh,10.8231,106.6297,22.8,67,0.0,0.0,9.8,100
2026-01-08,02:00,Ho_Chi_Minh,10.8231,106.6297,22.1,69,0.0,0.0,8.1,99
2026-01-08,03:00,Ho_Chi_Minh,10.8231,106.6297,21.6,71,0.0,0.0,6.5,72
2026-01-08,04:00,Ho_Chi_Minh,10.8231,106.6297,21.1,72,0.0,0.0,5.4,0
2026-01-08,05:00,Ho_Chi_Minh,10.8231,106.6297,20.9,73,0.0,0.0,5.0,8
2026-01-08,06:00,Ho_Chi_Minh,10.8231,106.6297,20.5,73,0.0,0.0,5.8,2
2026-01-08,07:00,Ho_Chi_Minh,10.8231,106.6297,21.1,72,0.0,0.0,5.6,5
2026-01-08,08:00,Ho_Chi_Minh,10.8231,106.6297,23.1,62,0.0,0.0,5.7,52
2026-01-08,09:00,Ho_Chi_Minh,10.8231,106.6297,25.0,55,0.0,0.0,5.4,5
2026-01-08,10:00,Ho_Chi_Minh,10.8231,106.6297,26.5,52,0.0,0.0,4.7,41
2026-01-08,11:00,Ho_Chi_Minh,10.8231,106.6297,27.9,49,0.0,0.0,2.7,89
2026-01-08,12:00,Ho_Chi_Minh,10.8231,106.6297,29.0,47,0.0,0.0,4.0,93
2026-01-08,13:00,Ho_Chi_Minh,10.8231,106.6297,30.2,43,0.0,0.0,6.7,99
2026-01-08,14:00,Ho_Chi_Minh,10.8231,106.6297,30.7,40,0.0,0.0,9.5,100
2026-01-08,15:00,Ho_Chi_Minh,10.8231,106.6297,30.7,40,0.0,0.0,10.6,100
2026-01-08,16:00,Ho_Chi_Minh,10.8231,106.6297,30.6,39,0.0,0.0,9.7,97
2026-01-08,17:00,Ho_Chi_Minh,10.8231,106.6297,29.9,37,0.0,0.0,7.4,80
2026-01-08,18:00,Ho_Chi_Minh,10.8231,106.6297,28.8,40,0.0,0.0,8.0,70
2026-01-08,19:00,Ho_Chi_Minh,10.8231,106.6297,26.0,65,0.0,0.0,10.6,88
2026-01-08,20:00,Ho_Chi_Minh,10.8231,106.6297,24.8,70,0.0,0.0,5.2,1
2026-01-08,21:00,Ho_Chi_Minh,10.8231,106.6297,24.1,73,0.0,0.0,5.8,12
2026-01-08,22:00,Ho_Chi_Minh,10.8231,106.6297,23.5,76,0.0,0.0,6.2,2
2026-01-08,23:00,Ho_Chi_Minh,10.8231,106.6297,22.6,72,0.0,0.0,10.7,100
2026-01-09,00:00,Ho_Chi_Minh,10.8231,106.6297,21.6,60,0.0,0.0,9.2,100
2026-01-09,01:00,Ho_Chi_Minh,10.8231,106.6297,20.8,60,0.0,0.0,10.1,100
2026-01-09,02:00,Ho_Chi_Minh,10.8231,106.6297,19.8,63,0.0,0.0,10.3,100
2026-01-09,03:00,Ho_Chi_Minh,10.8231,106.6297,19.0,64,0.0,0.0,10.0,100
2026-01-09,04:00,Ho_Chi_Minh,10.8231,106.6297,18.5,64,0.0,0.0,9.2,100
2026-01-09,05:00,Ho_Chi_Minh,10.8231,106.6297,18.1,64,0.0,0.0,7.4,100
2026-01-09,06:00,Ho_Chi_Minh,10.8231,106.6297,17.9,66,0.0,0.0,7.4,100
2026-01-09,07:00,Ho_Chi_Minh,10.8231,106.6297,18.0,69,0.0,0.0,8.4,3
2026-01-09,08:00,Ho_Chi_Minh,10.8231,106.6297,20.2,61,0.0,0.0,6.8,5
2026-01-09,09:00,Ho_Chi_Minh,10.8231,106.6297,22.4,55,0.0,0.0,6.2,1
2026-01-09,10:00,Ho_Chi_Minh,10.8231,106.6297,24.5,49,0.0,0.0,4.5,55
2026-01-09,11:00,Ho_Chi_Minh,10.8231,106.6297,26.4,44,0.0,0.0,3.1,95
2026-01-09,12:00,Ho_Chi_Minh,10.8231,106.6297,27.9,39,0.0,0.0,3.1,31
2026-01-09,13:00,Ho_Chi_Minh,10.8231,106.6297,28.5,37,0.0,0.0,4.2,70
2026-01-09,14:00,Ho_Chi_Minh,10.8231,106.6297,29.5,35,0.0,0.0,6.0,98
2026-01-09,15:00,Ho_Chi_Minh,10.8231,106.6297,29.5,36,0.0,0.0,7.8,100
2026-01-09,16:00,Ho_Chi_Minh,10.8231,106.6297,28.9,40,0.0,0.0,7.6,98
2026-01-09,17:00,Ho_Chi_Minh,10.8231,106.6297,28.0,44,0.0,0.0,5.2,99
2026-01-09,18:00,Ho_Chi_Minh,10.8231,106.6297,27.0,47,0.0,0.0,7.9,96
2026-01-09,19:00,Ho_Chi_Minh,10.8231,106.6297,26.2,51,0.0,0.0,11.1,100
2026-01-09,20:00,Ho_Chi_Minh,10.8231,106.6297,24.4,66,0.0,0.0,11.5,100
2026-01-09,21:00,Ho_Chi_Minh,10.8231,106.6297,23.9,70,0.0,0.0,10.2,100
2026-01-09,22:00,Ho_Chi_Minh,10.8231,106.6297,23.6,72,0.0,0.0,8.2,100
2026-01-09,23:00,Ho_Chi_Minh,10.8231,106.6297,23.4,73,0.0,0.0,3.3,100
2026-01-10,00:00,Ho_Chi_Minh,10.8231,106.6297,22.6,77,0.0,0.0,4.5,100
2026-01-10,01:00,Ho_Chi_Minh,10.8231,106.6297,21.9,81,0.0,0.0,5.3,100
2026-01-10,02:00,Ho_Chi_Minh,10.8231,106.6297,21.4,83,0.0,0.0,6.5,100
2026-01-10,03:00,Ho_Chi_Minh,10.8231,106.6297,20.5,86,0.0,0.0,8.3,100
2026-01-10,04:00,Ho_Chi_Minh,10.8231,106.6297,19.7,80,0.0,0.0,8.4,42
2026-01-10,05:00,Ho_Chi_Minh,10.8231,106.6297,19.1,70,0.0,0.0,6.9,0
2026-01-10,06:00,Ho_Chi_Minh,10.8231,106.6297,18.6,68,0.0,0.0,7.0,0
2026-01-10,07:00,Ho_Chi_Minh,10.8231,106.6297,19.0,68,0.0,0.0,7.2,0
2026-01-10,08:00,Ho_Chi_Minh,10.8231,106.6297,21.2,60,0.0,0.0,5.3,0
2026-01-10,09:00,Ho_Chi_Minh,10.8231,106.6297,24.0,55,0.0,0.0,6.3,0
2026-01-10,10:00,Ho_Chi_Minh,10.8231,106.6297,26.1,54,0.0,0.0,5.7,2
2026-01-10,11:00,Ho_Chi_Minh,10.8231,106.6297,27.9,47,0.0,0.0,4.1,24
2026-01-10,12:00,Ho_Chi_Minh,10.8231,106.6297,29.4,39,0.0,0.0,3.5,48
2026-01-10,13:00,Ho_Chi_Minh,10.8231,106.6297,29.2,37,0.0,0.0,2.1,84
2026-01-10,14:00,Ho_Chi_Minh,10.8231,106.6297,30.5,33,0.0,0.0,1.8,7
2026-01-10,15:00,Ho_Chi_Minh,10.8231,106.6297,30.4,33,0.0,0.0,2.2,58
2026-01-10,16:00,Ho_Chi_Minh,10.8231,106.6297,30.0,34,0.0,0.0,2.3,30
2026-01-10,17:00,Ho_Chi_Minh,10.8231,106.6297,29.2,37,0.0,0.0,2.9,65
2026-01-10,18:00,Ho_Chi_Minh,10.8231,106.6297,27.8,40,0.0,0.0,1.6,20
2026-01-10,19:00,Ho_Chi_Minh,10.8231,106.6297,26.9,48,0.0,0.0,3.2,34
2026-01-10,20:00,Ho_Chi_Minh,10.8231,106.6297,26.2,52,0.0,0.0,4.9,43
2026-01-10,21:00,Ho_Chi_Minh,10.8231,106.6297,25.6,53,0.0,0.0,8.7,14
2026-01-10,22:00,Ho_Chi_Minh,10.8231,106.6297,24.3,61,0.0,0.0,6.3,97
2026-01-10,23:00,Ho_Chi_Minh,10.8231,106.6297,23.5,64,0.0,0.0,3.5,93
2026-01-11,00:00,Ho_Chi_Minh,10.8231,106.6297,23.0,68,0.0,0.0,6.8,98
2026-01-11,01:00,Ho_Chi_Minh,10.8231,106.6297,22.6,72,0.0,0.0,5.9,98
2026-01-11,02:00,Ho_Chi_Minh,10.8231,106.6297,22.5,76,0.0,0.0,3.6,100
2026-01-11,03:00,Ho_Chi_Minh,10.8231,106.6297,21.6,79,0.0,0.0,4.1,100
2026-01-11,04:00,Ho_Chi_Minh,10.8231,106.6297,21.2,78,0.0,0.0,7.1,100
2026-01-11,05:00,Ho_Chi_Minh,10.8231,106.6297,20.8,78,0.0,0.0,5.4,100
2026-01-11,06:00,Ho_Chi_Minh,10.8231,106.6297,20.6,78,0.0,0.0,4.2,100
2026-01-11,07:00,Ho_Chi_Minh,10.8231,106.6297,21.1,78,0.0,0.0,4.3,99
2026-01-11,08:00,Ho_Chi_Minh,10.8231,106.6297,23.2,68,0.0,0.0,6.2,100
2026-01-11,09:00,Ho_Chi_Minh,10.8231,106.6297,25.1,59,0.0,0.0,6.8,92
2026-01-11,10:00,Ho_Chi_Minh,10.8231,106.6297,27.4,50,0.0,0.0,7.0,92
2026-01-11,11:00,Ho_Chi_Minh,10.8231,106.6297,28.8,43,0.0,0.0,4.7,13
2026-01-11,12:00,Ho_Chi_Minh,10.8231,106.6297,30.5,39,0.0,0.0,3.4,52
2026-01-11,13:00,Ho_Chi_Minh,10.8231,106.6297,30.2,40,0.0,0.0,1.9,100
2026-01-11,14:00,Ho_Chi_Minh,10.8231,106.6297,30.9,38,0.0,0.0,2.7,100
2026-01-11,15:00,Ho_Chi_Minh,10.8231,106.6297,30.5,40,0.0,0.0,4.5,100
2026-01-11,16:00,Ho_Chi_Minh,10.8231,106.6297,29.8,43,0.0,0.0,6.2,48
2026-01-11,17:00,Ho_Chi_Minh,10.8231,106.6297,29.3,45,0.0,0.0,7.2,80
2026-01-11,18:00,Ho_Chi_Minh,10.8231,106.6297,28.4,48,0.0,0.0,7.7,100
2026-01-11,19:00,Ho_Chi_Minh,10.8231,106.6297,28.0,51,0.0,0.0,6.1,100
2026-01-11,20:00,Ho_Chi_Minh,10.8231,106.6297,26.6,63,0.0,0.0,10.2,100
2026-01-11,21:00,Ho_Chi_Minh,10.8231,106.6297,25.7,69,0.0,0.0,8.9,100
2026-01-11,22:00,Ho_Chi_Minh,10.8231,106.6297,25.2,74,0.0,0.0,7.0,61
2026-01-11,23:00,Ho_Chi_Minh,10.8231,106.6297,24.8,78,0.0,0.0,6.0,33
2026-01-12,00:00,Ho_Chi_Minh,10.8231,106.6297,24.3,82,0.0,0.0,5.4,57
2026-01-12,01:00,Ho_Chi_Minh,10.8231,106.6297,24.1,83,0.0,0.0,4.1,98
2026-01-12,02:00,Ho_Chi_Minh,10.8231,106.6297,23.9,83,0.0,0.0,2.7,100
2026-01-12,03:00,Ho_Chi_Minh,10.8231,106.6297,24.0,82,0.0,0.0,0.0,100
2026-01-12,04:00,Ho_Chi_Minh,10.8231,106.6297,24.0,81,0.0,0.0,1.3,100
2026-01-12,05:00,Ho_Chi_Minh,10.8231,106.6297,24.0,81,0.0,0.0,1.7,88
2026-01-12,06:00,Ho_Chi_Minh,10.8231,106.6297,23.4,86,0.0,0.0,3.7,93
2026-01-12,07:00,Ho_Chi_Minh,10.8231,106.6297,23.4,88,0.0,0.0,0.9,20
2026-01-12,08:00,Ho_Chi_Minh,10.8231,106.6297,25.5,76,0.0,0.0,2.8,0
2026-01-12,09:00,Ho_Chi_Minh,10.8231,106.6297,27.3,63,0.0,0.0,4.7,0
2026-01-12,10:00,Ho_Chi_Minh,10.8231,106.6297,29.2,54,0.0,0.0,2.1,13
2026-01-12,11:00,Ho_Chi_Minh,10.8231,106.6297,30.9,46,0.0,0.0,1.5,23
2026-01-12,12:00,Ho_Chi_Minh,10.8231,106.6297,32.2,40,0.0,0.0,3.8,49
2026-01-12,13:00,Ho_Chi_Minh,10.8231,106.6297,31.9,43,0.0,0.0,3.8,100
2026-01-12,14:00,Ho_Chi_Minh,10.8231,106.6297,31.5,45,0.0,0.0,7.3,100
2026-01-12,15:00,Ho_Chi_Minh,10.8231,106.6297,31.0,49,0.0,0.0,7.1,100
2026-01-12,16:00,Ho_Chi_Minh,10.8231,106.6297,30.6,50,0.0,0.0,4.2,100
2026-01-12,17:00,Ho_Chi_Minh,10.8231,106.6297,30.4,50,0.0,0.0,3.5,63
2026-01-12,18:00,Ho_Chi_Minh,10.8231,106.6297,30.0,52,0.0,0.0,4.1,61
2026-01-12,19:00,Ho_Chi_Minh,10.8231,106.6297,28.8,59,0.0,0.0,8.3,21
2026-01-12,20:00,Ho_Chi_Minh,10.8231,106.6297,26.0,75,0.0,0.0,11.7,45
2026-01-12,21:00,Ho_Chi_Minh,10.8231,106.6297,25.2,79,0.0,0.0,10.4,13
2026-01-12,22:00,Ho_Chi_Minh,10.8231,106.6297,24.8,82,0.0,0.0,10.7,19
2026-01-12,23:00,Ho_Chi_Minh,10.8231,106.6297,24.3,85,0.0,0.0,8.8,13
2026-01-13,00:00,Ho_Chi_Minh,10.8231,106.6297,24.0,86,0.0,0.0,7.2,5
2026-01-13,01:00,Ho_Chi_Minh,10.8231,106.6297,23.7,88,0.0,0.0,4.5,18
2026-01-13,02:00,Ho_Chi_Minh,10.8231,106.6297,23.5,87,0.0,0.0,2.3,17
2026-01-13,03:00,Ho_Chi_Minh,10.8231,106.6297,23.4,88,0.0,0.0,2.3,52
2026-01-13,04:00,Ho_Chi_Minh,10.8231,106.6297,23.2,88,0.0,0.0,4.1,57
2026-01-13,05:00,Ho_Chi_Minh,10.8231,106.6297,23.0,90,0.0,0.0,5.0,99
2026-01-13,06:00,Ho_Chi_Minh,10.8231,106.6297,22.5,94,0.0,0.0,4.2,69
2026-01-13,07:00,Ho_Chi_Minh,10.8231,106.6297,23.0,94,0.0,0.0,4.0,95
2026-01-13,08:00,Ho_Chi_Minh,10.8231,106.6297,25.1,80,0.0,0.0,5.2,98
2026-01-13,09:00,Ho_Chi_Minh,10.8231,106.6297,27.0,67,0.2,0.2,4.5,92
2026-01-13,10:00,Ho_Chi_Minh,10.8231,106.6297,28.2,60,0.2,0.2,5.0,70
2026-01-13,11:00,Ho_Chi_Minh,10.8231,106.6297,28.9,57,0.1,0.1,4.6,48
2026-01-13,12:00,Ho_Chi_Minh,10.8231,106.6297,29.7,53,0.3,0.3,5.2,51
2026-01-13,13:00,Ho_Chi_Minh,10.8231,106.6297,29.5,54,0.6,0.6,5.2,53
2026-01-13,14:00,Ho_Chi_Minh,10.8231,106.6297,30.0,53,1.2,1.2,7.0,50
2026-01-13,15:00,Ho_Chi_Minh,10.8231,106.6297,29.1,57,1.3,1.3,4.4,49
2026-01-13,16:00,Ho_Chi_Minh,10.8231,106.6297,29.2,56,0.1,0.1,2.2,31
2026-01-13,17:00,Ho_Chi_Minh,10.8231,106.6297,29.0,57,0.0,0.0,3.2,40
2026-01-13,18:00,Ho_Chi_Minh,10.8231,106.6297,27.4,67,0.0,0.0,6.3,32
2026-01-13,19:00,Ho_Chi_Minh,10.8231,106.6297,26.5,73,0.0,0.0,11.4,23
2026-01-13,20:00,Ho_Chi_Minh,10.8231,106.6297,25.1,78,0.0,0.0,10.9,9
2026-01-13,21:00,Ho_Chi_Minh,10.8231,106.6297,24.6,80,0.0,0.0,9.8,2
2026-01-13,22:00,Ho_Chi_Minh,10.8231,106.6297,24.3,80,0.0,0.0,10.8,0
2026-01-13,23:00,Ho_Chi_Minh,10.8231,106.6297,23.9,80,0.0,0.0,9.9,0
2026-01-14,00:00,Ho_Chi_Minh,10.8231,106.6297,23.5,82,0.0,0.0,6.1,73
2026-01-14,01:00,Ho_Chi_Minh,10.8231,106.6297,23.2,85,0.0,0.0,6.7,95
2026-01-14,02:00,Ho_Chi_Minh,10.8231,106.6297,23.0,87,0.0,0.0,6.4,93
2026-01-14,03:00,Ho_Chi_Minh,10.8231,106.6297,22.8,89,0.0,0.0,3.8,100
2026-01-14,04:00,Ho_Chi_Minh,10.8231,106.6297,22.5,92,0.0,0.0,2.4,88
2026-01-14,05:00,Ho_Chi_Minh,10.8231,106.6297,22.2,94,0.0,0.0,2.2,99
2026-01-14,06:00,Ho_Chi_Minh,10.8231,106.6297,22.1,95,0.0,0.0,2.3,100
2026-01-14,07:00,Ho_Chi_Minh,10.8231,106.6297,22.9,93,0.0,0.0,1.8,2
2026-01-14,08:00,Ho_Chi_Minh,10.8231,106.6297,24.6,82,0.0,0.0,1.0,2
2026-01-14,09:00,Ho_Chi_Minh,10.8231,106.6297,26.4,72,0.0,0.0,0.9,2
2026-01-14,10:00,Ho_Chi_Minh,10.8231,106.6297,28.2,62,0.0,0.0,1.5,21
2026-01-14,11:00,Ho_Chi_Minh,10.8231,106.6297,30.0,54,0.0,0.0,0.9,30
2026-01-14,12:00,Ho_Chi_Minh,10.8231,106.6297,30.8,49,0.0,0.0,3.1,54
2026-01-14,13:00,Ho_Chi_Minh,10.8231,106.6297,30.7,49,0.0,0.0,4.9,99
2026-01-14,14:00,Ho_Chi_Minh,10.8231,106.6297,30.8,49,0.1,0.1,3.6,84
2026-01-14,15:00,Ho_Chi_Minh,10.8231,106.6297,31.1,48,0.0,0.0,2.6,68
2026-01-14,16:00,Ho_Chi_Minh,10.8231,106.6297,31.1,48,0.0,0.0,1.9,92
2026-01-14,17:00,Ho_Chi_Minh,10.8231,106.6297,30.5,49,0.2,0.2,2.8,63
2026-01-14,18:00,Ho_Chi_Minh,10.8231,106.6297,27.6,65,0.1,0.1,12.4,52
2026-01-14,19:00,Ho_Chi_Minh,10.8231,106.6297,26.0,74,0.0,0.0,12.1,4
2026-01-14,20:00,Ho_Chi_Minh,10.8231,106.6297,25.6,75,0.0,0.0,11.0,3
2026-01-14,21:00,Ho_Chi_Minh,10.8231,106.6297,25.0,78,0.0,0.0,9.5,0
2026-01-14,22:00,Ho_Chi_Minh,10.8231,106.6297,24.4,82,0.0,0.0,8.8,0
2026-01-14,23:00,Ho_Chi_Minh,10.8231,106.6297,24.0,85,0.0,0.0,9.2,0
2026-01-15,00:00,Ho_Chi_Minh,10.8231,106.6297,23.7,86,0.0,0.0,9.8,0
2026-01-15,01:00,Ho_Chi_Minh,10.8231,106.6297,23.4,87,0.0,0.0,8.2,100
2026-01-15,02:00,Ho_Chi_Minh,10.8231,106.6297,23.2,89,0.0,0.0,7.6,60
2026-01-15,03:00,Ho_Chi_Minh,10.8231,106.6297,23.0,90,0.0,0.0,5.4,17
2026-01-15,04:00,Ho_Chi_Minh,10.8231,106.6297,22.8,92,0.0,0.0,5.6,2
2026-01-15,05:00,Ho_Chi_Minh,10.8231,106.6297,22.6,93,0.0,0.0,5.0,9
2026-01-15,06:00,Ho_Chi_Minh,10.8231,106.6297,22.4,94,0.0,0.0,1.6,59
2026-01-15,07:00,Ho_Chi_Minh,10.8231,106.6297,23.1,92,0.0,0.0,2.0,16
2026-01-15,08:00,Ho_Chi_Minh,10.8231,106.6297,24.8,82,0.0,0.0,0.4,10
2026-01-15,09:00,Ho_Chi_Minh,10.8231,106.6297,26.9,70,0.0,0.0,0.9,0
2026-01-15,10:00,Ho_Chi_Minh,10.8231,106.6297,29.0,58,0.0,0.0,2.9,2
2026-01-15,11:00,Ho_Chi_Minh,10.8231,106.6297,31.0,49,0.0,0.0,8.1,23
2026-01-15,12:00,Ho_Chi_Minh,10.8231,106.6297,32.3,43,0.0,0.0,9.9,38
2026-01-15,13:00,Ho_Chi_Minh,10.8231,106.6297,32.4,44,0.0,0.0,8.4,32
2026-01-15,14:00,Ho_Chi_Minh,10.8231,106.6297,32.3,44,0.3,0.3,6.5,22
2026-01-15,15:00,Ho_Chi_Minh,10.8231,106.6297,32.0,45,0.0,0.0,5.0,74
2026-01-15,16:00,Ho_Chi_Minh,10.8231,106.6297,31.7,45,0.1,0.1,3.5,85
2026-01-15,17:00,Ho_Chi_Minh,10.8231,106.6297,30.6,47,0.1,0.1,2.7,55
2026-01-15,18:00,Ho_Chi_Minh,10.8231,106.6297,27.5,68,0.0,0.0,13.3,8
2026-01-15,19:00,Ho_Chi_Minh,10.8231,106.6297,26.2,72,0.0,0.0,13.1,6
2026-01-15,20:00,Ho_Chi_Minh,10.8231,106.6297,25.2,77,0.0,0.0,13.5,6
2026-01-15,21:00,Ho_Chi_Minh,10.8231,106.6297,24.6,82,0.0,0.0,12.5,3
2026-01-15,22:00,Ho_Chi_Minh,10.8231,106.6297,24.1,85,0.0,0.0,10.5,2
2026-01-15,23:00,Ho_Chi_Minh,10.8231,106.6297,23.8,87,0.0,0.0,8.9,17
2026-01-16,00:00,Ho_Chi_Minh,10.8231,106.6297,23.6,87,0.0,0.0,7.7,27
2026-01-16,01:00,Ho_Chi_Minh,10.8231,106.6297,23.4,89,0.0,0.0,6.8,25
2026-01-16,02:00,Ho_Chi_Minh,10.8231,106.6297,23.3,88,0.0,0.0,6.5,21
2026-01-16,03:00,Ho_Chi_Minh,10.8231,106.6297,23.1,89,0.0,0.0,5.8,21
2026-01-16,04:00,Ho_Chi_Minh,10.8231,106.6297,22.9,91,0.0,0.0,4.6,19
2026-01-16,05:00,Ho_Chi_Minh,10.8231,106.6297,22.5,93,0.0,0.0,3.4,45
2026-01-16,06:00,Ho_Chi_Minh,10.8231,106.6297,22.2,95,0.0,0.0,1.7,94
2026-01-16,07:00,Ho_Chi_Minh,10.8231,106.6297,23.0,92,0.0,0.0,1.6,93
2026-01-16,08:00,Ho_Chi_Minh,10.8231,106.6297,25.0,81,0.0,0.0,4.6,98
2026-01-16,09:00,Ho_Chi_Minh,10.8231,106.6297,27.0,68,0.0,0.0,2.7,98
2026-01-16,10:00,Ho_Chi_Minh,10.8231,106.6297,29.1,58,0.0,0.0,0.6,100
2026-01-16,11:00,Ho_Chi_Minh,10.8231,106.6297,29.9,53,0.0,0.0,1.9,98
2026-01-16,12:00,Ho_Chi_Minh,10.8231,106.6297,31.6,46,0.0,0.0,2.5,100
2026-01-16,13:00,Ho_Chi_Minh,10.8231,106.6297,31.0,50,0.0,0.0,3.1,100
2026-01-16,14:00,Ho_Chi_Minh,10.8231,106.6297,32.1,45,0.0,0.0,1.0,100
2026-01-16,15:00,Ho_Chi_Minh,10.8231,106.6297,32.3,42,0.0,0.0,1.8,100
2026-01-16,16:00,Ho_Chi_Minh,10.8231,106.6297,32.0,42,0.0,0.0,3.2,97
2026-01-16,17:00,Ho_Chi_Minh,10.8231,106.6297,31.2,44,0.0,0.0,6.5,95
2026-01-16,18:00,Ho_Chi_Minh,10.8231,106.6297,27.6,67,0.0,0.0,13.9,96
2026-01-16,19:00,Ho_Chi_Minh,10.8231,106.6297,26.4,72,0.0,0.0,11.3,100
2026-01-16,20:00,Ho_Chi_Minh,10.8231,106.6297,26.0,69,0.0,0.0,11.5,67
2026-01-16,21:00,Ho_Chi_Minh,10.8231,106.6297,25.2,74,0.0,0.0,10.2,90
2026-01-16,22:00,Ho_Chi_Minh,10.8231,106.6297,24.5,78,0.0,0.0,10.6,100
2026-01-16,23:00,Ho_Chi_Minh,10.8231,106.6297,24.0,81,0.0,0.0,10.4,98
2026-01-17,00:00,Ho_Chi_Minh,10.8231,106.6297,23.5,85,0.0,0.0,9.6,98
2026-01-17,01:00,Ho_Chi_Minh,10.8231,106.6297,23.3,86,0.0,0.0,9.6,96
2026-01-17,02:00,Ho_Chi_Minh,10.8231,106.6297,23.1,87,0.0,0.0,9.7,91
2026-01-17,03:00,Ho_Chi_Minh,10.8231,106.6297,23.0,88,0.0,0.0,9.3,95
2026-01-17,04:00,Ho_Chi_Minh,10.8231,106.6297,22.8,89,0.0,0.0,7.5,100
2026-01-17,05:00,Ho_Chi_Minh,10.8231,106.6297,22.6,90,0.0,0.0,5.2,97
2026-01-17,06:00,Ho_Chi_Minh,10.8231,106.6297,22.2,92,0.0,0.0,1.7,100
2026-01-17,07:00,Ho_Chi_Minh,10.8231,106.6297,22.7,92,0.0,0.0,1.8,21
2026-01-17,08:00,Ho_Chi_Minh,10.8231,106.6297,24.9,79,0.0,0.0,5.1,26
2026-01-17,09:00,Ho_Chi_Minh,10.8231,106.6297,26.8,68,0.0,0.0,3.6,19
2026-01-17,10:00,Ho_Chi_Minh,10.8231,106.6297,28.5,59,0.0,0.0,3.0,23
2026-01-17,11:00,Ho_Chi_Minh,10.8231,106.6297,30.3,51,0.0,0.0,4.6,98
2026-01-17,12:00,Ho_Chi_Minh,10.8231,106.6297,32.0,44,0.0,0.0,5.2,96
2026-01-17,13:00,Ho_Chi_Minh,10.8231,106.6297,31.9,43,0.0,0.0,4.6,76
2026-01-17,14:00,Ho_Chi_Minh,10.8231,106.6297,32.6,39,0.0,0.0,4.0,62
2026-01-17,15:00,Ho_Chi_Minh,10.8231,106.6297,32.8,37,0.0,0.0,4.0,27
2026-01-17,16:00,Ho_Chi_Minh,10.8231,106.6297,32.9,36,0.0,0.0,5.5,14
2026-01-17,17:00,Ho_Chi_Minh,10.8231,106.6297,30.4,48,0.0,0.0,10.3,27
2026-01-17,18:00,Ho_Chi_Minh,10.8231,106.6297,26.1,72,0.0,0.0,15.6,13
2026-01-17,19:00,Ho_Chi_Minh,10.8231,106.6297,26.0,76,0.0,0.0,14.4,30
2026-01-17,20:00,Ho_Chi_Minh,10.8231,106.6297,25.0,79,0.0,0.0,13.0,66
2026-01-17,21:00,Ho_Chi_Minh,10.8231,106.6297,25.0,75,0.0,0.0,12.5,1
2026-01-17,22:00,Ho_Chi_Minh,10.8231,106.6297,24.4,79,0.0,0.0,12.1,16
2026-01-17,23:00,Ho_Chi_Minh,10.8231,106.6297,24.1,81,0.0,0.0,10.1,22
2026-01-18,00:00,Ho_Chi_Minh,10.8231,106.6297,23.9,82,0.0,0.0,10.3,22
2026-01-18,01:00,Ho_Chi_Minh,10.8231,106.6297,23.6,86,0.0,0.0,9.6,40
2026-01-18,02:00,Ho_Chi_Minh,10.8231,106.6297,23.5,87,0.0,0.0,7.2,79
2026-01-18,03:00,Ho_Chi_Minh,10.8231,106.6297,23.4,87,0.0,0.0,6.9,62
2026-01-18,04:00,Ho_Chi_Minh,10.8231,106.6297,23.1,89,0.0,0.0,7.5,20
2026-01-18,05:00,Ho_Chi_Minh,10.8231,106.6297,22.8,90,0.0,0.0,5.3,91
2026-01-18,06:00,Ho_Chi_Minh,10.8231,106.6297,22.4,92,0.0,0.0,3.1,93
2026-01-18,07:00,Ho_Chi_Minh,10.8231,106.6297,23.3,89,0.0,0.0,2.6,100
2026-01-18,08:00,Ho_Chi_Minh,10.8231,106.6297,24.8,80,0.1,0.1,4.7,91
2026-01-18,09:00,Ho_Chi_Minh,10.8231,106.6297,26.8,68,0.0,0.0,4.1,94
2026-01-18,10:00,Ho_Chi_Minh,10.8231,106.6297,28.8,58,0.0,0.0,3.9,100
2026-01-18,11:00,Ho_Chi_Minh,10.8231,106.6297,30.4,50,0.0,0.0,2.0,98
2026-01-18,12:00,Ho_Chi_Minh,10.8231,106.6297,31.6,44,0.0,0.0,3.0,100
2026-01-18,13:00,Ho_Chi_Minh,10.8231,106.6297,31.1,45,0.1,0.1,2.9,97
2026-01-18,14:00,Ho_Chi_Minh,10.8231,106.6297,32.4,40,0.0,0.0,2.8,39
2026-01-18,15:00,Ho_Chi_Minh,10.8231,106.6297,32.2,39,0.0,0.0,2.3,21
2026-01-18,16:00,Ho_Chi_Minh,10.8231,106.6297,32.0,38,0.0,0.0,3.0,21
2026-01-18,17:00,Ho_Chi_Minh,10.8231,106.6297,29.9,48,0.0,0.0,9.7,16
2026-01-18,18:00,Ho_Chi_Minh,10.8231,106.6297,26.2,70,0.0,0.0,15.2,16
2026-01-18,19:00,Ho_Chi_Minh,10.8231,106.6297,25.6,75,0.0,0.0,14.8,100
2026-01-18,20:00,Ho_Chi_Minh,10.8231,106.6297,25.1,78,0.0,0.0,13.4,91
2026-01-18,21:00,Ho_Chi_Minh,10.8231,106.6297,24.6,79,0.0,0.0,11.7,10
2026-01-18,22:00,Ho_Chi_Minh,10.8231,106.6297,24.3,81,0.0,0.0,10.3,1
2026-01-18,23:00,Ho_Chi_Minh,10.8231,106.6297,24.0,81,0.0,0.0,8.8,2
2026-01-19,00:00,Ho_Chi_Minh,10.8231,106.6297,23.7,82,0.0,0.0,8.3,7
2026-01-19,01:00,Ho_Chi_Minh,10.8231,106.6297,23.6,85,0.0,0.0,8.0,39
2026-01-19,02:00,Ho_Chi_Minh,10.8231,106.6297,23.5,87,0.0,0.0,8.7,80
2026-01-19,03:00,Ho_Chi_Minh,10.8231,106.6297,23.2,89,0.0,0.0,7.9,58
2026-01-19,04:00,Ho_Chi_Minh,10.8231,106.6297,23.0,90,0.0,0.0,6.9,95
2026-01-19,05:00,Ho_Chi_Minh,10.8231,106.6297,22.9,91,0.0,0.0,5.7,51
2026-01-19,06:00,Ho_Chi_Minh,10.8231,106.6297,22.7,92,0.0,0.0,4.0,66
2026-01-19,07:00,Ho_Chi_Minh,10.8231,106.6297,23.4,89,0.0,0.0,2.7,88
2026-01-19,08:00,Ho_Chi_Minh,10.8231,106.6297,25.4,78,0.0,0.0,6.7,71
2026-01-19,09:00,Ho_Chi_Minh,10.8231,106.6297,27.0,69,0.0,0.0,6.2,74
2026-01-19,10:00,Ho_Chi_Minh,10.8231,106.6297,28.5,62,0.1,0.1,3.9,56
2026-01-19,11:00,Ho_Chi_Minh,10.8231,106.6297,29.4,57,0.2,0.2,1.8,34
2026-01-19,12:00,Ho_Chi_Minh,10.8231,106.6297,30.9,49,0.0,0.0,0.6,80
2026-01-19,13:00,Ho_Chi_Minh,10.8231,106.6297,30.7,48,0.0,0.0,3.1,97
2026-01-19,14:00,Ho_Chi_Minh,10.8231,106.6297,30.8,47,0.0,0.0,2.2,100
2026-01-19,15:00,Ho_Chi_Minh,10.8231,106.6297,30.0,48,0.0,0.0,4.5,100
2026-01-19,16:00,Ho_Chi_Minh,10.8231,106.6297,29.2,50,0.1,0.1,3.7,99
2026-01-19,17:00,Ho_Chi_Minh,10.8231,106.6297,28.6,53,0.0,0.0,7.1,99
2026-01-19,18:00,Ho_Chi_Minh,10.8231,106.6297,27.2,62,0.0,0.0,11.9,98
2026-01-19,19:00,Ho_Chi_Minh,10.8231,106.6297,26.0,70,0.0,0.0,12.4,27
2026-01-19,20:00,Ho_Chi_Minh,10.8231,106.6297,25.1,74,0.0,0.0,12.3,20
2026-01-19,21:00,Ho_Chi_Minh,10.8231,106.6297,25.1,76,0.0,0.0,9.2,13
2026-01-19,22:00,Ho_Chi_Minh,10.8231,106.6297,24.9,76,0.0,0.0,8.4,14
2026-01-19,23:00,Ho_Chi_Minh,10.8231,106.6297,24.5,77,0.0,0.0,8.7,0
2026-01-20,00:00,Ho_Chi_Minh,10.8231,106.6297,24.0,80,0.0,0.0,6.7,7
2026-01-20,01:00,Ho_Chi_Minh,10.8231,106.6297,23.8,84,0.0,0.0,7.5,8
2026-01-20,02:00,Ho_Chi_Minh,10.8231,106.6297,23.5,86,0.0,0.0,7.5,11
2026-01-20,03:00,Ho_Chi_Minh,10.8231,106.6297,23.1,89,0.0,0.0,5.6,20
2026-01-20,04:00,Ho_Chi_Minh,10.8231,106.6297,22.9,90,0.0,0.0,4.7,31
2026-01-20,05:00,Ho_Chi_Minh,10.8231,106.6297,22.7,92,0.0,0.0,3.5,71
2026-01-20,06:00,Ho_Chi_Minh,10.8231,106.6297,22.7,92,0.0,0.0,1.0,99
2026-01-20,07:00,Ho_Chi_Minh,10.8231,106.6297,23.5,90,0.0,0.0,1.8,100
2026-01-20,08:00,Ho_Chi_Minh,10.8231,106.6297,24.9,80,0.0,0.0,2.7,100
2026-01-20,09:00,Ho_Chi_Minh,10.8231,106.6297,27.0,68,0.0,0.0,2.5,99
2026-01-20,10:00,Ho_Chi_Minh,10.8231,106.6297,28.8,56,0.1,0.1,1.9,31
2026-01-20,11:00,Ho_Chi_Minh,10.8231,106.6297,30.0,48,0.0,0.0,3.2,23
2026-01-20,12:00,Ho_Chi_Minh,10.8231,106.6297,31.6,41,0.0,0.0,4.9,18
2026-01-20,13:00,Ho_Chi_Minh,10.8231,106.6297,31.7,42,0.0,0.0,6.0,16
2026-01-20,14:00,Ho_Chi_Minh,10.8231,106.6297,32.2,39,0.0,0.0,8.3,33
2026-01-20,15:00,Ho_Chi_Minh,10.8231,106.6297,31.9,39,0.0,0.0,10.5,55
2026-01-20,16:00,Ho_Chi_Minh,10.8231,106.6297,31.5,40,0.0,0.0,8.1,14
2026-01-20,17:00,Ho_Chi_Minh,10.8231,106.6297,30.6,40,0.0,0.0,2.9,19
2026-01-20,18:00,Ho_Chi_Minh,10.8231,106.6297,26.7,64,0.0,0.0,15.7,73
2026-01-20,19:00,Ho_Chi_Minh,10.8231,106.6297,25.9,67,0.0,0.0,13.9,95
2026-01-20,20:00,Ho_Chi_Minh,10.8231,106.6297,25.8,67,0.0,0.0,12.8,88
2026-01-20,21:00,Ho_Chi_Minh,10.8231,106.6297,25.1,70,0.0,0.0,10.7,90
2026-01-20,22:00,Ho_Chi_Minh,10.8231,106.6297,24.7,73,0.0,0.0,10.1,100
2026-01-20,23:00,Ho_Chi_Minh,10.8231,106.6297,24.5,74,0.0,0.0,7.6,71
2026-01-21,00:00,Ho_Chi_Minh,10.8231,106.6297,24.0,77,0.0,0.0,7.4,17
2026-01-21,01:00,Ho_Chi_Minh,10.8231,106.6297,23.6,84,0.0,0.0,5.0,0
2026-01-21,02:00,Ho_Chi_Minh,10.8231,106.6297,23.2,86,0.0,0.0,3.8,3
2026-01-21,03:00,Ho_Chi_Minh,10.8231,106.6297,22.9,88,0.0,0.0,2.7,2
2026-01-21,04:00,Ho_Chi_Minh,10.8231,106.6297,22.5,90,0.0,0.0,2.2,8
2026-01-21,05:00,Ho_Chi_Minh,10.8231,106.6297,22.2,92,0.0,0.0,3.1,11
2026-01-21,06:00,Ho_Chi_Minh,10.8231,106.6297,21.9,94,0.0,0.0,5.0,6
2026-01-21,07:00,Ho_Chi_Minh,10.8231,106.6297,22.1,92,0.0,0.0,4.4,55
2026-01-21,08:00,Ho_Chi_Minh,10.8231,106.6297,24.5,75,0.0,0.0,4.5,80
2026-01-21,09:00,Ho_Chi_Minh,10.8231,106.6297,26.8,50,0.0,0.0,6.6,98
2026-01-21,10:00,Ho_Chi_Minh,10.8231,106.6297,28.9,38,0.0,0.0,5.7,56
2026-01-21,11:00,Ho_Chi_Minh,10.8231,106.6297,30.9,32,0.0,0.0,3.8,70
2026-01-21,12:00,Ho_Chi_Minh,10.8231,106.6297,32.5,26,0.0,0.0,6.8,89
2026-01-21,13:00,Ho_Chi_Minh,10.8231,106.6297,33.0,22,0.0,0.0,10.8,63
2026-01-21,14:00,Ho_Chi_Minh,10.8231,106.6297,33.3,23,0.0,0.0,8.5,7
2026-01-21,15:00,Ho_Chi_Minh,10.8231,106.6297,33.6,22,0.0,0.0,11.6,54
2026-01-21,16:00,Ho_Chi_Minh,10.8231,106.6297,32.1,25,0.0,0.0,6.3,88
2026-01-21,17:00,Ho_Chi_Minh,10.8231,106.6297,29.2,49,0.0,0.0,14.3,6
2026-01-21,18:00,Ho_Chi_Minh,10.8231,106.6297,27.5,56,0.0,0.0,13.9,5
2026-01-21,19:00,Ho_Chi_Minh,10.8231,106.6297,26.4,63,0.0,0.0,12.1,6
2026-01-21,20:00,Ho_Chi_Minh,10.8231,106.6297,25.6,68,0.0,0.0,8.5,9
2026-01-21,21:00,Ho_Chi_Minh,10.8231,106.6297,25.2,72,0.0,0.0,7.5,62
2026-01-21,22:00,Ho_Chi_Minh,10.8231,106.6297,24.9,75,0.0,0.0,5.6,7
2026-01-21,23:00,Ho_Chi_Minh,10.8231,106.6297,24.5,77,0.0,0.0,5.9,2
2026-01-22,00:00,Ho_Chi_Minh,10.8231,106.6297,24.2,79,0.0,0.0,2.7,70
2026-01-22,01:00,Ho_Chi_Minh,10.8231,106.6297,23.8,82,0.0,0.0,2.3,46
2026-01-22,02:00,Ho_Chi_Minh,10.8231,106.6297,23.5,83,0.0,0.0,2.1,85
2026-01-22,03:00,Ho_Chi_Minh,10.8231,106.6297,22.9,86,0.0,0.0,3.4,91
2026-01-22,04:00,Ho_Chi_Minh,10.8231,106.6297,22.4,88,0.0,0.0,7.0,97
2026-01-22,05:00,Ho_Chi_Minh,10.8231,106.6297,21.9,86,0.0,0.0,6.6,99
2026-01-22,06:00,Ho_Chi_Minh,10.8231,106.6297,21.5,80,0.0,0.0,6.7,91
2026-01-22,07:00,Ho_Chi_Minh,10.8231,106.6297,21.9,81,0.0,0.0,3.8,95
2026-01-22,08:00,Ho_Chi_Minh,10.8231,106.6297,24.2,62,0.0,0.0,3.2,87
2026-01-22,09:00,Ho_Chi_Minh,10.8231,106.6297,26.5,53,0.0,0.0,3.6,83
2026-01-22,10:00,Ho_Chi_Minh,10.8231,106.6297,28.9,46,0.0,0.0,2.2,74
2026-01-22,11:00,Ho_Chi_Minh,10.8231,106.6297,30.9,39,0.0,0.0,0.9,11
2026-01-22,12:00,Ho_Chi_Minh,10.8231,106.6297,32.5,32,0.0,0.0,1.0,2
2026-01-22,13:00,Ho_Chi_Minh,10.8231,106.6297,31.9,33,0.0,0.0,0.9,30
2026-01-22,14:00,Ho_Chi_Minh,10.8231,106.6297,33.5,28,0.0,0.0,3.1,63
2026-01-22,15:00,Ho_Chi_Minh,10.8231,106.6297,33.4,27,0.0,0.0,5.1,98
2026-01-22,16:00,Ho_Chi_Minh,10.8231,106.6297,33.0,27,0.0,0.0,6.3,100
2026-01-22,17:00,Ho_Chi_Minh,10.8231,106.6297,32.2,29,0.0,0.0,4.8,100
2026-01-22,18:00,Ho_Chi_Minh,10.8231,106.6297,29.9,41,0.0,0.0,9.9,100
2026-01-22,19:00,Ho_Chi_Minh,10.8231,106.6297,27.1,65,0.0,0.0,10.8,100
2026-01-22,20:00,Ho_Chi_Minh,10.8231,106.6297,27.0,67,0.0,0.0,8.8,100
2026-01-22,21:00,Ho_Chi_Minh,10.8231,106.6297,26.5,70,0.0,0.0,5.6,100
2026-01-22,22:00,Ho_Chi_Minh,10.8231,106.6297,26.4,70,0.0,0.0,3.5,100
2026-01-22,23:00,Ho_Chi_Minh,10.8231,106.6297,26.2,70,0.0,0.0,2.3,100
2026-01-23,00:00,Ho_Chi_Minh,10.8231,106.6297,25.7,71,0.0,0.0,3.6,100
2026-01-23,01:00,Ho_Chi_Minh,10.8231,106.6297,25.0,73,0.0,0.0,6.5,100
2026-01-23,02:00,Ho_Chi_Minh,10.8231,106.6297,24.4,68,0.0,0.0,7.7,100
2026-01-23,03:00,Ho_Chi_Minh,10.8231,106.6297,24.0,62,0.0,0.0,6.9,100
2026-01-23,04:00,Ho_Chi_Minh,10.8231,106.6297,23.8,61,0.0,0.0,6.3,99
2026-01-23,05:00,Ho_Chi_Minh,10.8231,106.6297,23.5,63,0.0,0.0,6.5,6
2026-01-23,06:00,Ho_Chi_Minh,10.8231,106.6297,22.9,66,0.0,0.0,5.4,0
2026-01-23,07:00,Ho_Chi_Minh,10.8231,106.6297,23.4,65,0.0,0.0,3.3,0
2026-01-23,08:00,Ho_Chi_Minh,10.8231,106.6297,25.2,60,0.0,0.0,2.0,0
2026-01-23,09:00,Ho_Chi_Minh,10.8231,106.6297,27.4,53,0.0,0.0,0.4,0
2026-01-23,10:00,Ho_Chi_Minh,10.8231,106.6297,29.2,47,0.0,0.0,2.5,0
2026-01-23,11:00,Ho_Chi_Minh,10.8231,106.6297,30.9,42,0.0,0.0,3.7,7
2026-01-23,12:00,Ho_Chi_Minh,10.8231,106.6297,32.3,37,0.0,0.0,4.8,28
2026-01-23,13:00,Ho_Chi_Minh,10.8231,106.6297,33.0,34,0.0,0.0,6.7,52
2026-01-23,14:00,Ho_Chi_Minh,10.8231,106.6297,34.0,30,0.0,0.0,7.9,98
2026-01-23,15:00,Ho_Chi_Minh,10.8231,106.6297,33.8,31,0.0,0.0,9.5,100
2026-01-23,16:00,Ho_Chi_Minh,10.8231,106.6297,33.0,32,0.0,0.0,9.5,76
2026-01-23,17:00,Ho_Chi_Minh,10.8231,106.6297,32.3,31,0.0,0.0,9.3,48
2026-01-23,18:00,Ho_Chi_Minh,10.8231,106.6297,31.5,32,0.0,0.0,1.8,52
2026-01-23,19:00,Ho_Chi_Minh,10.8231,106.6297,27.6,61,0.0,0.0,14.2,83
2026-01-23,20:00,Ho_Chi_Minh,10.8231,106.6297,26.0,70,0.0,0.0,11.4,38
2026-01-23,21:00,Ho_Chi_Minh,10.8231,106.6297,25.6,74,0.0,0.0,6.6,28
2026-01-23,22:00,Ho_Chi_Minh,10.8231,106.6297,25.2,76,0.0,0.0,5.1,98
2026-01-23,23:00,Ho_Chi_Minh,10.8231,106.6297,25.1,75,0.0,0.0,2.3,48
2026-01-24,00:00,Ho_Chi_Minh,10.8231,106.6297,24.7,77,0.0,0.0,0.5,0
2026-01-24,01:00,Ho_Chi_Minh,10.8231,106.6297,24.2,81,0.0,0.0,4.8,0
2026-01-24,02:00,Ho_Chi_Minh,10.8231,106.6297,23.8,84,0.0,0.0,2.9,0
2026-01-24,03:00,Ho_Chi_Minh,10.8231,106.6297,23.2,88,0.0,0.0,3.1,1
2026-01-24,04:00,Ho_Chi_Minh,10.8231,106.6297,22.8,91,0.0,0.0,2.5,1
2026-01-24,05:00,Ho_Chi_Minh,10.8231,106.6297,22.3,94,0.0,0.0,3.8,21
2026-01-24,06:00,Ho_Chi_Minh,10.8231,106.6297,21.6,94,0.0,0.0,6.0,9
2026-01-24,07:00,Ho_Chi_Minh,10.8231,106.6297,22.0,86,0.0,0.0,4.5,7
2026-01-24,08:00,Ho_Chi_Minh,10.8231,106.6297,24.6,64,0.0,0.0,2.9,1
2026-01-24,09:00,Ho_Chi_Minh,10.8231,106.6297,27.0,56,0.0,0.0,2.0,67
2026-01-24,10:00,Ho_Chi_Minh,10.8231,106.6297,29.0,50,0.0,0.0,0.9,66
2026-01-24,11:00,Ho_Chi_Minh,10.8231,106.6297,30.8,43,0.0,0.0,1.9,52
2026-01-24,12:00,Ho_Chi_Minh,10.8231,106.6297,32.4,37,0.0,0.0,4.0,72
2026-01-24,13:00,Ho_Chi_Minh,10.8231,106.6297,31.8,37,0.0,0.0,2.1,91
2026-01-24,14:00,Ho_Chi_Minh,10.8231,106.6297,32.2,37,0.0,0.0,3.2,96
2026-01-24,15:00,Ho_Chi_Minh,10.8231,106.6297,31.5,39,0.0,0.0,1.8,74
2026-01-24,16:00,Ho_Chi_Minh,10.8231,106.6297,31.2,39,0.0,0.0,0.7,41
2026-01-24,17:00,Ho_Chi_Minh,10.8231,106.6297,30.5,41,0.0,0.0,4.9,43
2026-01-24,18:00,Ho_Chi_Minh,10.8231,106.6297,28.1,56,0.0,0.0,13.1,26
2026-01-24,19:00,Ho_Chi_Minh,10.8231,106.6297,26.5,66,0.0,0.0,12.1,6
2026-01-24,20:00,Ho_Chi_Minh,10.8231,106.6297,26.0,68,0.0,0.0,12.5,2
2026-01-24,21:00,Ho_Chi_Minh,10.8231,106.6297,25.1,74,0.0,0.0,12.0,1
2026-01-24,22:00,Ho_Chi_Minh,10.8231,106.6297,24.2,80,0.0,0.0,10.3,1
2026-01-24,23:00,Ho_Chi_Minh,10.8231,106.6297,23.9,80,0.0,0.0,10.6,0
2026-01-25,00:00,Ho_Chi_Minh,10.8231,106.6297,23.5,81,0.0,0.0,8.1,78
2026-01-25,01:00,Ho_Chi_Minh,10.8231,106.6297,23.4,81,0.0,0.0,5.6,77
2026-01-25,02:00,Ho_Chi_Minh,10.8231,106.6297,23.2,81,0.0,0.0,3.5,91
2026-01-25,03:00,Ho_Chi_Minh,10.8231,106.6297,22.8,82,0.0,0.0,2.4,90
2026-01-25,04:00,Ho_Chi_Minh,10.8231,106.6297,22.5,83,0.0,0.0,1.8,68
2026-01-25,05:00,Ho_Chi_Minh,10.8231,106.6297,22.1,87,0.0,0.0,0.2,5
2026-01-25,06:00,Ho_Chi_Minh,10.8231,106.6297,21.9,87,0.0,0.0,1.0,5
2026-01-25,07:00,Ho_Chi_Minh,10.8231,106.6297,22.2,88,0.0,0.0,3.7,9
2026-01-25,08:00,Ho_Chi_Minh,10.8231,106.6297,24.3,76,0.0,0.0,6.5,7
2026-01-25,09:00,Ho_Chi_Minh,10.8231,106.6297,26.5,61,0.0,0.0,6.2,5
2026-01-25,10:00,Ho_Chi_Minh,10.8231,106.6297,28.9,48,0.0,0.0,5.8,41
2026-01-25,11:00,Ho_Chi_Minh,10.8231,106.6297,30.9,38,0.0,0.0,7.2,100
2026-01-25,12:00,Ho_Chi_Minh,10.8231,106.6297,32.0,32,0.0,0.0,8.3,100
2026-01-25,13:00,Ho_Chi_Minh,10.8231,106.6297,32.4,33,0.0,0.0,6.4,99
2026-01-25,14:00,Ho_Chi_Minh,10.8231,106.6297,33.1,31,0.0,0.0,5.9,97
2026-01-25,15:00,Ho_Chi_Minh,10.8231,106.6297,32.6,31,0.0,0.0,2.1,98
2026-01-25,16:00,Ho_Chi_Minh,10.8231,106.6297,29.1,54,0.0,0.0,15.6,100
2026-01-25,17:00,Ho_Chi_Minh,10.8231,106.6297,27.7,56,0.0,0.0,13.0,16
2026-01-25,18:00,Ho_Chi_Minh,10.8231,106.6297,27.9,55,0.0,0.0,7.8,16
2026-01-25,19:00,Ho_Chi_Minh,10.8231,106.6297,26.9,61,0.0,0.0,9.5,23
2026-01-25,20:00,Ho_Chi_Minh,10.8231,106.6297,26.0,66,0.0,0.0,11.6,15
2026-01-25,21:00,Ho_Chi_Minh,10.8231,106.6297,25.4,73,0.0,0.0,9.5,27
2026-01-25,22:00,Ho_Chi_Minh,10.8231,106.6297,24.6,77,0.0,0.0,7.9,0
2026-01-25,23:00,Ho_Chi_Minh,10.8231,106.6297,24.1,80,0.0,0.0,9.4,0
2026-01-26,00:00,Ho_Chi_Minh,10.8231,106.6297,23.6,81,0.0,0.0,7.2,0
2026-01-26,01:00,Ho_Chi_Minh,10.8231,106.6297,23.5,84,0.0,0.0,6.0,3
2026-01-26,02:00,Ho_Chi_Minh,10.8231,106.6297,23.2,84,0.0,0.0,6.8,70
2026-01-26,03:00,Ho_Chi_Minh,10.8231,106.6297,22.9,86,0.0,0.0,6.4,6
2026-01-26,04:00,Ho_Chi_Minh,10.8231,106.6297,22.5,87,0.0,0.0,6.2,51
2026-01-26,05:00,Ho_Chi_Minh,10.8231,106.6297,22.2,88,0.0,0.0,6.3,13
2026-01-26,06:00,Ho_Chi_Minh,10.8231,106.6297,22.0,89,0.0,0.0,4.3,84
2026-01-26,07:00,Ho_Chi_Minh,10.8231,106.6297,22.4,87,0.0,0.0,4.0,0
2026-01-26,08:00,Ho_Chi_Minh,10.8231,106.6297,24.2,74,0.0,0.0,2.8,0
2026-01-26,09:00,Ho_Chi_Minh,10.8231,106.6297,26.6,63,0.0,0.0,2.8,0
2026-01-26,10:00,Ho_Chi_Minh,10.8231,106.6297,29.1,52,0.0,0.0,2.5,0
2026-01-26,11:00,Ho_Chi_Minh,10.8231,106.6297,31.0,42,0.0,0.0,3.9,12
2026-01-26,12:00,Ho_Chi_Minh,10.8231,106.6297,32.5,35,0.0,0.0,6.0,25
2026-01-26,13:00,Ho_Chi_Minh,10.8231,106.6297,32.7,34,0.0,0.0,6.3,91
2026-01-26,14:00,Ho_Chi_Minh,10.8231,106.6297,33.2,32,0.0,0.0,6.3,91
2026-01-26,15:00,Ho_Chi_Minh,10.8231,106.6297,33.0,31,0.0,0.0,6.5,100
2026-01-26,16:00,Ho_Chi_Minh,10.8231,106.6297,31.8,34,0.0,0.0,6.7,98
2026-01-26,17:00,Ho_Chi_Minh,10.8231,106.6297,27.8,55,0.0,0.0,19.0,16
2026-01-26,18:00,Ho_Chi_Minh,10.8231,106.6297,27.4,57,0.0,0.0,12.0,2
2026-01-26,19:00,Ho_Chi_Minh,10.8231,106.6297,26.7,64,0.0,0.0,13.1,11
2026-01-26,20:00,Ho_Chi_Minh,10.8231,106.6297,25.6,67,0.0,0.0,11.3,29
2026-01-26,21:00,Ho_Chi_Minh,10.8231,106.6297,24.9,72,0.0,0.0,11.8,36
2026-01-26,22:00,Ho_Chi_Minh,10.8231,106.6297,24.5,70,0.0,0.0,13.0,17
2026-01-26,23:00,Ho_Chi_Minh,10.8231,106.6297,24.0,73,0.0,0.0,10.7,0
2026-01-27,00:00,Ho_Chi_Minh,10.8231,106.6297,23.7,75,0.0,0.0,10.2,0
2026-01-27,01:00,Ho_Chi_Minh,10.8231,106.6297,23.4,79,0.0,0.0,8.4,2
2026-01-27,02:00,Ho_Chi_Minh,10.8231,106.6297,23.1,80,0.0,0.0,6.5,2
2026-01-27,03:00,Ho_Chi_Minh,10.8231,106.6297,22.8,82,0.0,0.0,5.5,13
2026-01-27,04:00,Ho_Chi_Minh,10.8231,106.6297,22.5,83,0.0,0.0,5.3,1
2026-01-27,05:00,Ho_Chi_Minh,10.8231,106.6297,22.4,83,0.0,0.0,3.9,9
2026-01-27,06:00,Ho_Chi_Minh,10.8231,106.6297,22.1,84,0.0,0.0,3.1,51
2026-01-27,07:00,Ho_Chi_Minh,10.8231,106.6297,23.0,79,0.0,0.0,3.6,2
2026-01-27,08:00,Ho_Chi_Minh,10.8231,106.6297,24.7,70,0.0,0.0,3.6,4
2026-01-27,09:00,Ho_Chi_Minh,10.8231,106.6297,26.8,61,0.0,0.0,5.4,44
2026-01-27,10:00,Ho_Chi_Minh,10.8231,106.6297,29.1,49,0.0,0.0,6.1,87
2026-01-27,11:00,Ho_Chi_Minh,10.8231,106.6297,31.0,39,0.0,0.0,7.1,98
2026-01-27,12:00,Ho_Chi_Minh,10.8231,106.6297,32.5,34,0.0,0.0,8.4,77
2026-01-27,13:00,Ho_Chi_Minh,10.8231,106.6297,32.9,33,0.0,0.0,5.6,13
2026-01-27,14:00,Ho_Chi_Minh,10.8231,106.6297,33.8,30,0.0,0.0,3.1,11
2026-01-27,15:00,Ho_Chi_Minh,10.8231,106.6297,33.8,28,0.0,0.0,3.3,38
2026-01-27,16:00,Ho_Chi_Minh,10.8231,106.6297,33.3,28,0.0,0.0,4.9,55
2026-01-27,17:00,Ho_Chi_Minh,10.8231,106.6297,30.9,38,0.0,0.0,10.1,76
2026-01-27,18:00,Ho_Chi_Minh,10.8231,106.6297,27.0,56,0.0,0.0,15.4,3
2026-01-27,19:00,Ho_Chi_Minh,10.8231,106.6297,26.7,63,0.0,0.0,12.7,85
2026-01-27,20:00,Ho_Chi_Minh,10.8231,106.6297,25.8,66,0.0,0.0,13.8,14
2026-01-27,21:00,Ho_Chi_Minh,10.8231,106.6297,24.9,76,0.0,0.0,12.5,0
2026-01-27,22:00,Ho_Chi_Minh,10.8231,106.6297,24.4,80,0.0,0.0,12.1,1
2026-01-27,23:00,Ho_Chi_Minh,10.8231,106.6297,24.0,80,0.0,0.0,10.8,8
2026-01-28,00:00,Ho_Chi_Minh,10.8231,106.6297,23.7,81,0.0,0.0,9.6,13
2026-01-28,01:00,Ho_Chi_Minh,10.8231,106.6297,23.4,83,0.0,0.0,6.5,15
2026-01-28,02:00,Ho_Chi_Minh,10.8231,106.6297,23.2,84,0.0,0.0,4.9,27
2026-01-28,03:00,Ho_Chi_Minh,10.8231,106.6297,22.9,85,0.0,0.0,4.0,24
2026-01-28,04:00,Ho_Chi_Minh,10.8231,106.6297,22.5,87,0.0,0.0,1.8,18
2026-01-28,05:00,Ho_Chi_Minh,10.8231,106.6297,22.2,88,0.0,0.0,3.2,33
2026-01-28,06:00,Ho_Chi_Minh,10.8231,106.6297,22.0,89,0.0,0.0,3.1,5
2026-01-28,07:00,Ho_Chi_Minh,10.8231,106.6297,22.6,88,0.0,0.0,1.5,7
2026-01-28,08:00,Ho_Chi_Minh,10.8231,106.6297,24.6,76,0.0,0.0,0.8,0
2026-01-28,09:00,Ho_Chi_Minh,10.8231,106.6297,26.9,63,0.0,0.0,2.5,0
2026-01-28,10:00,Ho_Chi_Minh,10.8231,106.6297,29.1,47,0.0,0.0,3.2,0
2026-01-28,11:00,Ho_Chi_Minh,10.8231,106.6297,31.0,37,0.0,0.0,4.1,0
2026-01-28,12:00,Ho_Chi_Minh,10.8231,106.6297,32.6,31,0.0,0.0,3.7,0
2026-01-28,13:00,Ho_Chi_Minh,10.8231,106.6297,32.7,31,0.0,0.0,4.0,7
2026-01-28,14:00,Ho_Chi_Minh,10.8231,106.6297,34.0,28,0.0,0.0,4.0,78
2026-01-28,15:00,Ho_Chi_Minh,10.8231,106.6297,34.2,26,0.0,0.0,5.6,47
2026-01-28,16:00,Ho_Chi_Minh,10.8231,106.6297,33.8,26,0.0,0.0,4.7,95
2026-01-28,17:00,Ho_Chi_Minh,10.8231,106.6297,30.4,46,0.0,0.0,12.6,37
2026-01-28,18:00,Ho_Chi_Minh,10.8231,106.6297,27.2,59,0.0,0.0,14.1,0
2026-01-28,19:00,Ho_Chi_Minh,10.8231,106.6297,27.4,62,0.0,0.0,12.3,2
2026-01-28,20:00,Ho_Chi_Minh,10.8231,106.6297,26.0,69,0.0,0.0,10.2,4
2026-01-28,21:00,Ho_Chi_Minh,10.8231,106.6297,25.2,74,0.0,0.0,11.3,2
2026-01-28,22:00,Ho_Chi_Minh,10.8231,106.6297,25.0,74,0.0,0.0,11.4,1
2026-01-28,23:00,Ho_Chi_Minh,10.8231,106.6297,24.5,77,0.0,0.0,8.3,0
2026-01-29,00:00,Ho_Chi_Minh,10.8231,106.6297,24.2,77,0.0,0.0,5.5,0
2026-01-29,01:00,Ho_Chi_Minh,10.8231,106.6297,24.1,78,0.0,0.0,2.4,2
2026-01-29,02:00,Ho_Chi_Minh,10.8231,106.6297,23.9,79,0.0,0.0,2.4,1
2026-01-29,03:00,Ho_Chi_Minh,10.8231,106.6297,23.4,81,0.0,0.0,2.4,26
2026-01-29,04:00,Ho_Chi_Minh,10.8231,106.6297,23.0,83,0.0,0.0,1.9,99
2026-01-29,05:00,Ho_Chi_Minh,10.8231,106.6297,22.6,86,0.0,0.0,1.8,98
2026-01-29,06:00,Ho_Chi_Minh,10.8231,106.6297,22.2,88,0.0,0.0,3.5,98
2026-01-29,07:00,Ho_Chi_Minh,10.8231,106.6297,22.9,86,0.0,0.0,4.7,99
2026-01-29,08:00,Ho_Chi_Minh,10.8231,106.6297,25.2,73,0.0,0.0,4.4,25
2026-01-29,09:00,Ho_Chi_Minh,10.8231,106.6297,27.4,64,0.0,0.0,6.1,21
2026-01-29,10:00,Ho_Chi_Minh,10.8231,106.6297,29.9,50,0.0,0.0,6.1,41
2026-01-29,11:00,Ho_Chi_Minh,10.8231,106.6297,31.7,42,0.0,0.0,6.1,100
2026-01-29,12:00,Ho_Chi_Minh,10.8231,106.6297,32.9,37,0.0,0.0,6.1,98
2026-01-29,13:00,Ho_Chi_Minh,10.8231,106.6297,32.7,37,0.0,0.0,3.2,95
2026-01-29,14:00,Ho_Chi_Minh,10.8231,106.6297,32.7,36,0.0,0.0,1.5,100
2026-01-29,15:00,Ho_Chi_Minh,10.8231,106.6297,32.5,36,0.0,0.0,3.1,100
2026-01-29,16:00,Ho_Chi_Minh,10.8231,106.6297,32.3,37,0.0,0.0,5.2,99
2026-01-29,17:00,Ho_Chi_Minh,10.8231,106.6297,30.0,50,0.0,0.0,13.6,98
2026-01-29,18:00,Ho_Chi_Minh,10.8231,106.6297,27.8,57,0.0,0.0,13.8,45
2026-01-29,19:00,Ho_Chi_Minh,10.8231,106.6297,27.4,58,0.0,0.0,11.8,17
2026-01-29,20:00,Ho_Chi_Minh,10.8231,106.6297,26.2,63,0.0,0.0,12.1,1
2026-01-29,21:00,Ho_Chi_Minh,10.8231,106.6297,25.3,69,0.0,0.0,11.5,0
2026-01-29,22:00,Ho_Chi_Minh,10.8231,106.6297,24.8,73,0.0,0.0,10.8,0
2026-01-29,23:00,Ho_Chi_Minh,10.8231,106.6297,24.5,74,0.0,0.0,9.8,2
2026-01-30,00:00,Ho_Chi_Minh,10.8231,106.6297,24.0,76,0.0,0.0,10.5,1
2026-01-30,01:00,Ho_Chi_Minh,10.8231,106.6297,23.7,77,0.0,0.0,9.2,4
2026-01-30,02:00,Ho_Chi_Minh,10.8231,106.6297,23.5,77,0.0,0.0,6.9,2
2026-01-30,03:00,Ho_Chi_Minh,10.8231,106.6297,23.2,79,0.0,0.0,3.7,35
2026-01-30,04:00,Ho_Chi_Minh,10.8231,106.6297,22.8,82,0.0,0.0,2.0,95
2026-01-30,05:00,Ho_Chi_Minh,10.8231,106.6297,22.6,83,0.0,0.0,3.1,99
2026-01-30,06:00,Ho_Chi_Minh,10.8231,106.6297,22.5,83,0.0,0.0,3.3,100
2026-01-30,07:00,Ho_Chi_Minh,10.8231,106.6297,23.4,79,0.0,0.0,3.8,100
2026-01-30,08:00,Ho_Chi_Minh,10.8231,106.6297,25.0,70,0.0,0.0,3.5,93
2026-01-30,09:00,Ho_Chi_Minh,10.8231,106.6297,27.1,61,0.0,0.0,3.5,100
2026-01-30,10:00,Ho_Chi_Minh,10.8231,106.6297,29.5,52,0.0,0.0,3.3,100
2026-01-30,11:00,Ho_Chi_Minh,10.8231,106.6297,31.1,45,0.0,0.0,3.1,100
2026-01-30,12:00,Ho_Chi_Minh,10.8231,106.6297,32.2,39,0.0,0.0,4.3,95
2026-01-30,13:00,Ho_Chi_Minh,10.8231,106.6297,33.2,36,0.0,0.0,4.7,100
2026-01-30,14:00,Ho_Chi_Minh,10.8231,106.6297,33.5,35,0.0,0.0,2.3,100
2026-01-30,15:00,Ho_Chi_Minh,10.8231,106.6297,33.0,36,0.0,0.0,1.3,88
2026-01-30,16:00,Ho_Chi_Minh,10.8231,106.6297,32.8,36,0.0,0.0,5.5,100
2026-01-30,17:00,Ho_Chi_Minh,10.8231,106.6297,28.9,57,0.0,0.0,17.3,100
2026-01-30,18:00,Ho_Chi_Minh,10.8231,106.6297,27.2,61,0.0,0.0,12.7,100
2026-01-30,19:00,Ho_Chi_Minh,10.8231,106.6297,27.2,67,0.0,0.0,13.5,100
2026-01-30,20:00,Ho_Chi_Minh,10.8231,106.6297,25.7,73,0.0,0.0,12.7,100
2026-01-30,21:00,Ho_Chi_Minh,10.8231,106.6297,25.2,79,0.0,0.0,11.3,100
2026-01-30,22:00,Ho_Chi_Minh,10.8231,106.6297,24.9,79,0.0,0.0,10.5,100
2026-01-30,23:00,Ho_Chi_Minh,10.8231,106.6297,24.6,80,0.0,0.0,8.5,96
2026-01-31,00:00,Ho_Chi_Minh,10.8231,106.6297,24.2,79,0.0,0.0,10.0,10
2026-01-31,01:00,Ho_Chi_Minh,10.8231,106.6297,24.0,80,0.0,0.0,10.4,15
2026-01-31,02:00,Ho_Chi_Minh,10.8231,106.6297,23.6,82,0.0,0.0,9.3,4
2026-01-31,03:00,Ho_Chi_Minh,10.8231,106.6297,23.4,83,0.0,0.0,6.9,7
2026-01-31,04:00,Ho_Chi_Minh,10.8231,106.6297,23.1,85,0.0,0.0,5.1,55
2026-01-31,05:00,Ho_Chi_Minh,10.8231,106.6297,23.0,86,0.0,0.0,4.4,100
2026-01-31,06:00,Ho_Chi_Minh,10.8231,106.6297,22.8,88,0.0,0.0,3.7,98
2026-01-31,07:00,Ho_Chi_Minh,10.8231,106.6297,23.5,84,0.0,0.0,5.2,80
2026-01-31,08:00,Ho_Chi_Minh,10.8231,106.6297,25.4,73,0.0,0.0,5.1,98
2026-01-31,09:00,Ho_Chi_Minh,10.8231,106.6297,27.7,62,0.0,0.0,4.7,99
2026-01-31,10:00,Ho_Chi_Minh,10.8231,106.6297,30.0,53,0.0,0.0,4.6,95
2026-01-31,11:00,Ho_Chi_Minh,10.8231,106.6297,32.0,44,0.0,0.0,6.1,98
2026-01-31,12:00,Ho_Chi_Minh,10.8231,106.6297,33.4,38,0.0,0.0,7.1,100
2026-01-31,13:00,Ho_Chi_Minh,10.8231,106.6297,33.5,38,0.0,0.0,7.4,100
2026-01-31,14:00,Ho_Chi_Minh,10.8231,106.6297,33.7,36,0.0,0.0,6.0,100
2026-01-31,15:00,Ho_Chi_Minh,10.8231,106.6297,34.4,34,0.0,0.0,5.1,100
2026-01-31,16:00,Ho_Chi_Minh,10.8231,106.6297,33.7,32,0.0,0.0,2.0,100
2026-01-31,17:00,Ho_Chi_Minh,10.8231,106.6297,29.9,45,0.0,0.0,17.4,100
2026-01-31,18:00,Ho_Chi_Minh,10.8231,106.6297,28.6,45,0.0,0.0,12.6,95
2026-01-31,19:00,Ho_Chi_Minh,10.8231,106.6297,27.3,62,0.0,0.0,13.3,43
2026-01-31,20:00,Ho_Chi_Minh,10.8231,106.6297,26.4,64,0.0,0.0,12.8,100
2026-01-31,21:00,Ho_Chi_Minh,10.8231,106.6297,25.5,70,0.0,0.0,11.2,35
2026-01-31,22:00,Ho_Chi_Minh,10.8231,106.6297,25.0,71,0.0,0.0,9.5,58
2026-01-31,23:00,Ho_Chi_Minh,10.8231,106.6297,24.8,71,0.0,0.0,7.5,90
